-- phpMyAdmin SQL Dump
-- version 4.8.0.1
-- https://www.phpmyadmin.net/
--
-- Hôte : 127.0.0.1
-- Généré le :  jeu. 26 juil. 2018 à 15:46
-- Version du serveur :  10.1.32-MariaDB
-- Version de PHP :  7.2.5

SET SQL_MODE = "NO_AUTO_VALUE_ON_ZERO";
SET AUTOCOMMIT = 0;
START TRANSACTION;
SET time_zone = "+00:00";


/*!40101 SET @OLD_CHARACTER_SET_CLIENT=@@CHARACTER_SET_CLIENT */;
/*!40101 SET @OLD_CHARACTER_SET_RESULTS=@@CHARACTER_SET_RESULTS */;
/*!40101 SET @OLD_COLLATION_CONNECTION=@@COLLATION_CONNECTION */;
/*!40101 SET NAMES utf8mb4 */;

--
-- Base de données :  `pixmyhouse`
--

-- --------------------------------------------------------

--
-- Structure de la table `commande`
--

CREATE TABLE `commande` (
  `id` int(11) NOT NULL,
  `user_id` int(11) DEFAULT NULL,
  `montant` double NOT NULL,
  `date_enregistrement` datetime NOT NULL,
  `etat` varchar(50) COLLATE utf8mb4_unicode_ci NOT NULL
) ENGINE=InnoDB DEFAULT CHARSET=utf8mb4 COLLATE=utf8mb4_unicode_ci;

--
-- Déchargement des données de la table `commande`
--

INSERT INTO `commande` (`id`, `user_id`, `montant`, `date_enregistrement`, `etat`) VALUES
(1, NULL, 2415, '2018-07-25 11:21:00', 'en cours'),
(2, 1, 13.68, '2018-07-25 12:14:08', 'Nouvelle commande'),
(3, 1, 3.78, '2018-07-25 12:26:08', 'Nouvelle commande'),
(6, 1, 3.78, '2018-07-25 12:30:21', 'Nouvelle commande'),
(7, 1, 3.78, '2018-07-25 14:16:04', 'Nouvelle commande'),
(8, 1, 1.26, '2018-07-25 16:45:10', 'Nouvelle commande'),
(9, 1, 1.26, '2018-07-26 09:47:10', 'Nouvelle commande'),
(10, 1, 1.29, '2018-07-26 15:31:09', 'Nouvelle commande'),
(11, 1, 2.79, '2018-07-26 15:41:39', 'Nouvelle commande');

-- --------------------------------------------------------

--
-- Structure de la table `detail_commandes`
--

CREATE TABLE `detail_commandes` (
  `id` int(11) NOT NULL,
  `commande_id` int(11) DEFAULT NULL,
  `oeuvres_id` int(11) DEFAULT NULL,
  `quantite` int(11) NOT NULL,
  `prix` double NOT NULL
) ENGINE=InnoDB DEFAULT CHARSET=utf8mb4 COLLATE=utf8mb4_unicode_ci;

--
-- Déchargement des données de la table `detail_commandes`
--

INSERT INTO `detail_commandes` (`id`, `commande_id`, `oeuvres_id`, `quantite`, `prix`) VALUES
(1, NULL, 17, 4, 425),
(2, 2, 1, 4, 5.04),
(3, 2, 4, 6, 8.64),
(4, 3, 1, 3, 3.78),
(8, 6, 2, 3, 3.78),
(9, 7, 2, 3, 3.78),
(10, 8, 1, 1, 1.26),
(11, 9, 1, 1, 1.26),
(12, 10, 11, 1, 1.29),
(13, 11, 6, 2, 2.79);

-- --------------------------------------------------------

--
-- Structure de la table `oeuvre`
--

CREATE TABLE `oeuvre` (
  `id` int(11) NOT NULL,
  `user_id` int(11) DEFAULT NULL,
  `nom` varchar(255) COLLATE utf8mb4_unicode_ci NOT NULL,
  `categorie` varchar(255) COLLATE utf8mb4_unicode_ci DEFAULT NULL,
  `largeur` int(11) NOT NULL,
  `hauteur` int(11) NOT NULL,
  `tableau` longtext COLLATE utf8mb4_unicode_ci COMMENT '(DC2Type:array)',
  `status` tinyint(1) NOT NULL,
  `compteur` longtext COLLATE utf8mb4_unicode_ci COMMENT '(DC2Type:array)'
) ENGINE=InnoDB DEFAULT CHARSET=utf8mb4 COLLATE=utf8mb4_unicode_ci;

--
-- Déchargement des données de la table `oeuvre`
--

INSERT INTO `oeuvre` (`id`, `user_id`, `nom`, `categorie`, `largeur`, `hauteur`, `tableau`, `status`, `compteur`) VALUES
(1, NULL, 'Ours', 'Animaux', 10, 10, 's:873:\"[0,\"#c0883f\",\"#c0883f\",0,0,0,0,\"#c0883f\",\"#c0883f\",0,\"#c0883f\",\"#ffa551\",\"#ffa551\",\"#c0883f\",0,0,\"#c0883f\",\"#ffa551\",\"#ffa551\",\"#c0883f\",\"#c0883f\",\"#c0883f\",\"#c0883f\",\"#c0883f\",\"#c0883f\",\"#c0883f\",\"#c0883f\",\"#c0883f\",\"#c0883f\",\"#c0883f\",0,\"#c0883f\",\"#c0883f\",\"#c0883f\",\"#c0883f\",\"#c0883f\",\"#c0883f\",\"#c0883f\",\"#c0883f\",0,\"#c0883f\",\"#c0883f\",\"#c0883f\",\"#000000\",\"#c0883f\",\"#c0883f\",\"#000000\",\"#c0883f\",\"#c0883f\",\"#c0883f\",\"#c0883f\",\"#c0883f\",\"#c0883f\",\"#000000\",\"#c0883f\",\"#c0883f\",\"#000000\",\"#c0883f\",\"#c0883f\",\"#c0883f\",\"#c0883f\",\"#c0883f\",\"#c0883f\",\"#c0883f\",\"#c0883f\",\"#c0883f\",\"#c0883f\",\"#c0883f\",\"#c0883f\",\"#c0883f\",\"#c0883f\",\"#c0883f\",\"#c0883f\",\"#ffa551\",\"#585858\",\"#585858\",\"#ffa551\",\"#c0883f\",\"#c0883f\",\"#c0883f\",0,\"#c06d00\",\"#c0883f\",\"#ffa551\",\"#ffa551\",\"#ffa551\",\"#ffa551\",\"#c0883f\",\"#c06d00\",0,0,0,\"#c06d00\",\"#ff7b00\",\"#ff7b00\",\"#ff7b00\",\"#ff7b00\",\"#c06d00\",0,0]\";', 1, 's:65:\"[0,0,0,0,10,4,0,0,0,0,0,0,0,0,0,0,0,0,0,0,0,0,0,0,0,2,4,60,4,0,0]\";'),
(2, NULL, 'Zèbre', 'Animaux', 8, 12, 's:865:\"[0,\"#ffffff\",0,\"#585858\",\"#585858\",0,\"#ffffff\",0,\"#ffffff\",\"#ffffff\",0,\"#ffffff\",\"#ffffff\",0,\"#ffffff\",\"#ffffff\",\"#ffffff\",\"#ffffff\",\"#585858\",\"#ffffff\",\"#585858\",\"#ffffff\",\"#585858\",\"#ffffff\",\"#ffffff\",\"#ffffff\",\"#585858\",\"#ffffff\",\"#585858\",\"#ffffff\",\"#585858\",\"#ffffff\",\"#ffffff\",\"#ffffff\",\"#ffffff\",\"#ffffff\",\"#ffffff\",\"#ffffff\",\"#ffffff\",\"#ffffff\",\"#ffffff\",\"#ffffff\",\"#000000\",\"#ffffff\",\"#ffffff\",\"#000000\",\"#ffffff\",\"#ffffff\",\"#585858\",\"#ffffff\",\"#000000\",\"#ffffff\",\"#ffffff\",\"#000000\",\"#ffffff\",\"#585858\",\"#ffffff\",\"#ffffff\",\"#ffffff\",\"#ffffff\",\"#ffffff\",\"#ffffff\",\"#ffffff\",\"#ffffff\",\"#585858\",\"#ffffff\",\"#ffffff\",\"#ffffff\",\"#ffffff\",\"#ffffff\",\"#ffffff\",\"#585858\",\"#ffffff\",\"#ffffff\",\"#585858\",\"#acacac\",\"#acacac\",\"#585858\",\"#ffffff\",\"#ffffff\",0,\"#acacac\",\"#acacac\",\"#acacac\",\"#acacac\",\"#acacac\",\"#acacac\",0,0,0,\"#acacac\",\"#acacac\",\"#acacac\",\"#acacac\",0,0]\";', 1, 's:66:\"[0,0,0,0,0,0,0,0,0,0,0,0,0,0,0,0,0,0,0,0,0,0,0,0,12,14,4,0,0,0,54]\";'),
(3, NULL, 'Tigre', 'Animaux', 10, 10, 's:873:\"[0,\"#ff7b00\",\"#ff7b00\",0,0,0,0,\"#ff7b00\",\"#ff7b00\",0,\"#ff7b00\",\"#ffee56\",\"#ffee56\",\"#ff7b00\",0,0,\"#ff7b00\",\"#ffee56\",\"#ffee56\",\"#ff7b00\",0,\"#ff7b00\",\"#ff7b00\",\"#000000\",\"#ff7b00\",\"#000000\",\"#ff7b00\",\"#000000\",\"#ff7b00\",0,\"#ff7b00\",\"#ff7b00\",\"#ff7b00\",\"#ff7b00\",\"#ff7b00\",\"#ff7b00\",\"#ff7b00\",\"#ff7b00\",\"#ff7b00\",\"#ff7b00\",\"#000000\",\"#ff7b00\",\"#ff7b00\",\"#000000\",\"#ff7b00\",\"#ff7b00\",\"#000000\",\"#ff7b00\",\"#ff7b00\",\"#000000\",\"#ff7b00\",\"#ff7b00\",\"#ff7b00\",\"#000000\",\"#ff7b00\",\"#ff7b00\",\"#000000\",\"#ff7b00\",\"#ff7b00\",\"#ff7b00\",\"#000000\",\"#000000\",\"#acacac\",\"#acacac\",\"#a34f00\",\"#a34f00\",\"#acacac\",\"#acacac\",\"#000000\",\"#000000\",\"#ff7b00\",\"#acacac\",\"#acacac\",\"#acacac\",\"#acacac\",\"#acacac\",\"#acacac\",\"#acacac\",\"#acacac\",\"#ff7b00\",0,\"#585858\",\"#acacac\",\"#ffffff\",\"#acacac\",\"#acacac\",\"#ffffff\",\"#acacac\",\"#585858\",0,0,0,\"#585858\",\"#585858\",\"#585858\",\"#585858\",\"#585858\",\"#585858\",0,0]\";', 1, 's:66:\"[0,0,0,2,0,39,0,4,0,0,0,0,0,0,0,0,0,0,0,0,0,0,0,0,16,8,13,0,0,0,2]\";'),
(4, NULL, 'Hippopotame', 'Animaux', 10, 13, 's:1029:\"[0,\"#ff5a5a\",0,0,0,0,0,0,\"#ff5a5a\",0,0,\"#ff5a5a\",\"#ff5a5a\",0,0,0,0,\"#ff5a5a\",\"#ff5a5a\",0,0,\"#ff5a5a\",\"#ff5a5a\",\"#ff5a5a\",\"#ff5a5a\",\"#ff5a5a\",\"#ff5a5a\",\"#ff5a5a\",\"#ff5a5a\",0,0,0,\"#ff5a5a\",\"#ff5a5a\",\"#ff5a5a\",\"#ff5a5a\",\"#ff5a5a\",\"#ff5a5a\",0,0,0,\"#ff5a5a\",\"#ff5a5a\",\"#000000\",\"#ff5a5a\",\"#ff5a5a\",\"#000000\",\"#ff5a5a\",\"#ff5a5a\",0,\"#ffffff\",\"#ff5a5a\",\"#ff5a5a\",\"#000000\",\"#ff5a5a\",\"#ff5a5a\",\"#000000\",\"#ff5a5a\",\"#ff5a5a\",\"#ffffff\",\"#ff5a5a\",\"#ff5a5a\",\"#ff5a5a\",\"#ff5a5a\",\"#ff5a5a\",\"#ff5a5a\",\"#ff5a5a\",\"#ff5a5a\",\"#ff5a5a\",\"#ff5a5a\",\"#ff5a5a\",\"#ff5a5a\",\"#ff5a5a\",\"#810000\",\"#ff5a5a\",\"#ff5a5a\",\"#810000\",\"#ff5a5a\",\"#ff5a5a\",\"#ff5a5a\",\"#ff5a5a\",\"#ff5a5a\",\"#ff5a5a\",\"#ff5a5a\",\"#ff5a5a\",\"#ff5a5a\",\"#ff5a5a\",\"#ff5a5a\",\"#ff5a5a\",\"#ff5a5a\",\"#ff5a5a\",\"#ff5a5a\",\"#ff5a5a\",\"#ff5a5a\",\"#ff5a5a\",\"#ff5a5a\",\"#ff5a5a\",\"#ff5a5a\",\"#ff5a5a\",\"#ff5a5a\",0,\"#810000\",\"#ff5a5a\",\"#ffffff\",\"#ff5a5a\",\"#ff5a5a\",\"#ffffff\",\"#ff5a5a\",\"#810000\",0,0,0,\"#810000\",\"#ffffff\",\"#810000\",\"#810000\",\"#ffffff\",\"#810000\",0,0,0,0,0,\"#810000\",\"#810000\",\"#810000\",\"#810000\",0,0,0]\";', 1, 's:65:\"[12,74,0,0,0,0,0,0,0,0,0,0,0,0,0,0,0,0,0,0,0,0,0,0,0,0,4,0,0,0,6]\";'),
(5, NULL, 'Lion', 'Animaux', 12, 15, 's:1529:\"[0,0,0,\"#ff7b00\",\"#ff7b00\",\"#ff7b00\",\"#ff7b00\",\"#ff7b00\",\"#ff7b00\",0,0,0,0,\"#ff7b00\",\"#ff7b00\",\"#ff7b00\",\"#ff7b00\",\"#ff7b00\",\"#ff7b00\",\"#ff7b00\",\"#ff7b00\",\"#ff7b00\",\"#ff7b00\",0,\"#ff7b00\",\"#ff7b00\",\"#ffe600\",\"#ffe600\",\"#ff7b00\",\"#ff7b00\",\"#ff7b00\",\"#ff7b00\",\"#ffe600\",\"#ffe600\",\"#ff7b00\",\"#ff7b00\",\"#ff7b00\",\"#ff7b00\",\"#ffe600\",\"#acacac\",\"#ffe600\",\"#ffe600\",\"#ffe600\",\"#ffe600\",\"#acacac\",\"#ffe600\",\"#ff7b00\",\"#ff7b00\",\"#ff7b00\",\"#ff7b00\",\"#ff7b00\",\"#ffe600\",\"#ffe600\",\"#ffe600\",\"#ffe600\",\"#ffe600\",\"#ffe600\",\"#ff7b00\",\"#ff7b00\",\"#ff7b00\",\"#ff7b00\",\"#ff7b00\",\"#ffe600\",\"#ffe600\",\"#ffe600\",\"#ffe600\",\"#ffe600\",\"#ffe600\",\"#ffe600\",\"#ffe600\",\"#ff7b00\",\"#ff7b00\",\"#ff7b00\",\"#ff7b00\",\"#ffe600\",\"#ffe600\",\"#000000\",\"#ffe600\",\"#ffe600\",\"#000000\",\"#ffe600\",\"#ffe600\",\"#ff7b00\",\"#ff7b00\",\"#ff7b00\",\"#ff7b00\",\"#ffe600\",\"#ffe600\",\"#000000\",\"#ffe600\",\"#ffe600\",\"#000000\",\"#ffe600\",\"#ffe600\",\"#ff7b00\",\"#ff7b00\",\"#ff7b00\",\"#ff7b00\",\"#ff7b00\",\"#ffe600\",\"#ffffff\",\"#ff5a5a\",\"#ff5a5a\",\"#ffffff\",\"#ffe600\",\"#ffe600\",\"#ff7b00\",\"#ff7b00\",\"#c06d00\",\"#ff7b00\",\"#ff7b00\",\"#ffffff\",\"#ffffff\",\"#ffffff\",\"#ffffff\",\"#ffffff\",\"#ffffff\",\"#ff7b00\",\"#ff7b00\",\"#c06d00\",0,\"#c06d00\",\"#ff7b00\",\"#acacac\",\"#ffffff\",\"#ffffff\",\"#ffffff\",\"#ffffff\",\"#acacac\",\"#ff7b00\",\"#c06d00\",0,0,\"#c06d00\",\"#ff7b00\",\"#ff7b00\",\"#acacac\",\"#acacac\",\"#acacac\",\"#acacac\",\"#ff7b00\",\"#ff7b00\",\"#c06d00\",0,0,0,\"#c06d00\",\"#c06d00\",\"#ff7b00\",\"#ff7b00\",\"#ff7b00\",\"#ff7b00\",\"#c06d00\",\"#c06d00\",0,0,0,0,0,0,\"#c06d00\",\"#ff7b00\",\"#ff7b00\",\"#c06d00\",0,0,0,0,0,0,0,0,0,\"#c06d00\",\"#c06d00\",0,0,0,0,0]\";', 1, 's:67:\"[0,2,0,0,0,67,0,0,39,0,0,0,0,0,0,0,0,0,0,0,0,0,0,0,8,0,4,0,14,0,12]\";'),
(6, NULL, 'Rhinocéros', 'Animaux', 10, 13, 's:1005:\"[0,\"#acacac\",0,0,0,0,0,0,\"#acacac\",0,0,\"#acacac\",\"#acacac\",0,0,0,0,\"#acacac\",\"#acacac\",0,0,\"#acacac\",\"#acacac\",\"#acacac\",\"#acacac\",\"#acacac\",\"#acacac\",\"#acacac\",\"#acacac\",0,0,0,\"#acacac\",\"#acacac\",\"#acacac\",\"#acacac\",\"#acacac\",\"#acacac\",0,0,0,\"#acacac\",\"#acacac\",\"#acacac\",\"#acacac\",\"#acacac\",\"#acacac\",\"#acacac\",\"#acacac\",0,0,\"#acacac\",\"#acacac\",\"#000000\",\"#acacac\",\"#acacac\",\"#000000\",\"#acacac\",\"#acacac\",0,\"#acacac\",\"#acacac\",\"#acacac\",\"#000000\",\"#acacac\",\"#acacac\",\"#000000\",\"#acacac\",\"#acacac\",0,\"#acacac\",\"#acacac\",\"#acacac\",\"#acacac\",\"#acacac\",\"#acacac\",\"#acacac\",\"#acacac\",\"#acacac\",\"#acacac\",\"#acacac\",\"#acacac\",\"#acacac\",\"#acacac\",\"#ffffff\",\"#ffffff\",\"#acacac\",\"#acacac\",\"#acacac\",\"#acacac\",\"#585858\",\"#acacac\",\"#acacac\",\"#acacac\",\"#ffffff\",\"#ffffff\",\"#acacac\",\"#acacac\",\"#acacac\",\"#585858\",0,\"#585858\",\"#acacac\",\"#585858\",\"#acacac\",\"#acacac\",\"#585858\",\"#acacac\",\"#585858\",0,0,0,\"#585858\",\"#acacac\",\"#acacac\",\"#acacac\",\"#acacac\",\"#585858\",0,0,0,0,0,\"#585858\",\"#585858\",\"#585858\",\"#585858\",0,0,0]\";', 1, 's:65:\"[0,0,0,0,0,0,0,0,0,0,0,0,0,0,0,0,0,0,0,0,0,0,0,0,73,12,4,0,0,0,4]\";'),
(7, NULL, 'Sanglier', 'Animaux', 10, 13, 's:1013:\"[0,\"#6e3f00\",0,0,0,0,0,0,\"#6e3f00\",0,0,\"#6e3f00\",\"#6e3f00\",0,0,0,0,\"#6e3f00\",\"#6e3f00\",0,0,\"#6e3f00\",\"#6e3f00\",\"#6e3f00\",\"#6e3f00\",\"#6e3f00\",\"#6e3f00\",\"#6e3f00\",\"#6e3f00\",0,0,0,\"#6e3f00\",\"#6e3f00\",\"#6e3f00\",\"#6e3f00\",\"#6e3f00\",\"#6e3f00\",0,0,0,\"#6e3f00\",\"#6e3f00\",\"#000000\",\"#6e3f00\",\"#6e3f00\",\"#000000\",\"#6e3f00\",\"#6e3f00\",0,0,\"#6e3f00\",\"#6e3f00\",\"#000000\",\"#6e3f00\",\"#6e3f00\",\"#000000\",\"#6e3f00\",\"#6e3f00\",0,\"#6e3f00\",\"#6e3f00\",\"#6e3f00\",\"#6e3f00\",\"#6e3f00\",\"#6e3f00\",\"#6e3f00\",\"#6e3f00\",\"#6e3f00\",\"#6e3f00\",\"#6e3f00\",\"#6e3f00\",\"#6e3f00\",\"#6e3f00\",\"#6e3f00\",\"#6e3f00\",\"#6e3f00\",\"#6e3f00\",\"#6e3f00\",\"#6e3f00\",\"#6e3f00\",\"#ffffff\",\"#6e3f00\",\"#6e3f00\",\"#c0883f\",\"#c0883f\",\"#6e3f00\",\"#6e3f00\",\"#ffffff\",\"#6e3f00\",\"#6e3f00\",\"#ffffff\",\"#6e3f00\",\"#c0883f\",\"#c0883f\",\"#c0883f\",\"#c0883f\",\"#6e3f00\",\"#ffffff\",\"#6e3f00\",0,\"#6e3f00\",\"#ffffff\",\"#c06d00\",\"#c0883f\",\"#c0883f\",\"#c06d00\",\"#ffffff\",\"#6e3f00\",0,0,0,\"#6e3f00\",\"#c0883f\",\"#c0883f\",\"#c0883f\",\"#c0883f\",\"#6e3f00\",0,0,0,0,0,\"#6e3f00\",\"#6e3f00\",\"#6e3f00\",\"#6e3f00\",0,0,0]\";', 1, 's:65:\"[0,0,0,0,0,0,0,0,0,0,0,0,0,0,0,0,0,0,0,0,0,0,0,0,0,0,4,12,2,70,6]\";'),
(8, NULL, 'Gorille', 'Animaux', 12, 11, 's:969:\"[0,0,0,0,0,\"#585858\",\"#585858\",0,0,0,0,0,0,0,0,\"#585858\",\"#585858\",\"#585858\",\"#585858\",\"#585858\",\"#585858\",0,0,0,0,0,\"#585858\",\"#585858\",\"#585858\",\"#585858\",\"#585858\",\"#585858\",\"#585858\",\"#585858\",0,0,0,0,\"#585858\",\"#acacac\",\"#acacac\",\"#acacac\",\"#acacac\",\"#acacac\",\"#acacac\",\"#585858\",0,0,0,0,\"#585858\",\"#acacac\",\"#000000\",\"#acacac\",\"#acacac\",\"#000000\",\"#acacac\",\"#585858\",0,0,\"#acacac\",\"#acacac\",\"#585858\",\"#acacac\",\"#000000\",\"#acacac\",\"#acacac\",\"#000000\",\"#acacac\",\"#585858\",\"#acacac\",\"#acacac\",\"#acacac\",\"#585858\",\"#585858\",\"#acacac\",\"#acacac\",\"#acacac\",\"#acacac\",\"#acacac\",\"#acacac\",\"#585858\",\"#585858\",\"#acacac\",\"#acacac\",\"#acacac\",\"#585858\",\"#acacac\",\"#585858\",\"#acacac\",\"#acacac\",\"#585858\",\"#acacac\",\"#585858\",\"#acacac\",\"#acacac\",0,0,\"#585858\",\"#acacac\",\"#acacac\",\"#acacac\",\"#acacac\",\"#acacac\",\"#acacac\",\"#585858\",0,0,0,0,\"#585858\",\"#acacac\",\"#acacac\",\"#acacac\",\"#acacac\",\"#acacac\",\"#acacac\",\"#585858\",0,0,0,0,0,0,\"#acacac\",\"#acacac\",\"#acacac\",\"#acacac\",0,0,0,0]\";', 1, 's:65:\"[0,0,0,0,0,0,0,0,0,0,0,0,0,0,0,0,0,0,0,0,0,0,0,0,50,34,4,0,0,0,0]\";'),
(9, NULL, 'Chimpanzé', 'Animaux', 12, 11, 's:969:\"[0,0,0,0,0,\"#c0883f\",\"#c0883f\",0,0,0,0,0,0,0,0,\"#c0883f\",\"#c0883f\",\"#c0883f\",\"#c0883f\",\"#c0883f\",\"#c0883f\",0,0,0,0,0,\"#c0883f\",\"#c0883f\",\"#c0883f\",\"#c0883f\",\"#c0883f\",\"#c0883f\",\"#c0883f\",\"#c0883f\",0,0,0,0,\"#c0883f\",\"#ffa551\",\"#ffa551\",\"#c0883f\",\"#c0883f\",\"#ffa551\",\"#ffa551\",\"#c0883f\",0,0,0,0,\"#c0883f\",\"#ffa551\",\"#ffa551\",\"#ffa551\",\"#ffa551\",\"#ffa551\",\"#ffa551\",\"#c0883f\",0,0,\"#ffa551\",\"#ffa551\",\"#c0883f\",\"#ffa551\",\"#000000\",\"#ffa551\",\"#ffa551\",\"#000000\",\"#ffa551\",\"#c0883f\",\"#ffa551\",\"#ffa551\",\"#ffa551\",\"#c06d00\",\"#c0883f\",\"#ffa551\",\"#000000\",\"#ffa551\",\"#ffa551\",\"#000000\",\"#ffa551\",\"#c0883f\",\"#c06d00\",\"#ffa551\",\"#ffa551\",\"#ffa551\",\"#c0883f\",\"#ffa551\",\"#ffa551\",\"#6e3f00\",\"#6e3f00\",\"#ffa551\",\"#ffa551\",\"#c0883f\",\"#ffa551\",\"#ffa551\",0,0,\"#c0883f\",\"#c0883f\",\"#ffa551\",\"#ffa551\",\"#ffa551\",\"#ffa551\",\"#c0883f\",\"#c0883f\",0,0,0,0,\"#c06d00\",\"#ffa551\",\"#ffa551\",\"#ffa551\",\"#ffa551\",\"#ffa551\",\"#ffa551\",\"#c06d00\",0,0,0,0,0,0,\"#ff7b00\",\"#ff7b00\",\"#ff7b00\",\"#ff7b00\",0,0,0,0]\";', 1, 's:65:\"[0,0,0,0,42,4,0,0,0,0,0,0,0,0,0,0,0,0,0,0,0,0,0,0,0,0,4,32,4,2,0]\";'),
(10, NULL, 'Elephant', 'Animaux', 16, 13, 's:1401:\"[0,0,0,0,0,0,\"#57fff7\",\"#57fff7\",\"#57fff7\",\"#57fff7\",0,0,0,0,0,0,0,0,0,0,0,\"#57fff7\",\"#57fff7\",\"#57fff7\",\"#57fff7\",\"#57fff7\",\"#57fff7\",0,0,0,0,0,0,\"#57fff7\",\"#57fff7\",\"#57fff7\",\"#57fff7\",\"#57fff7\",\"#57fff7\",\"#57fff7\",\"#57fff7\",\"#57fff7\",\"#57fff7\",\"#57fff7\",\"#57fff7\",\"#57fff7\",\"#57fff7\",0,\"#57fff7\",\"#57fff7\",\"#ff5a5a\",\"#57fff7\",\"#57fff7\",\"#57fff7\",\"#57fff7\",\"#57fff7\",\"#57fff7\",\"#57fff7\",\"#57fff7\",\"#57fff7\",\"#57fff7\",\"#ff5a5a\",\"#57fff7\",\"#57fff7\",\"#57fff7\",\"#ff5a5a\",\"#ff5a5a\",\"#ff5a5a\",\"#57fff7\",\"#57fff7\",\"#000000\",\"#57fff7\",\"#57fff7\",\"#000000\",\"#57fff7\",\"#57fff7\",\"#ff5a5a\",\"#ff5a5a\",\"#ff5a5a\",\"#57fff7\",\"#57fff7\",\"#ff5a5a\",\"#ff5a5a\",\"#ff5a5a\",\"#57fff7\",\"#57fff7\",\"#000000\",\"#57fff7\",\"#57fff7\",\"#000000\",\"#57fff7\",\"#57fff7\",\"#ff5a5a\",\"#ff5a5a\",\"#ff5a5a\",\"#57fff7\",\"#57fff7\",\"#57fff7\",\"#ff5a5a\",\"#57fff7\",\"#57fff7\",\"#57fff7\",\"#57fff7\",\"#57fff7\",\"#57fff7\",\"#57fff7\",\"#57fff7\",\"#57fff7\",\"#57fff7\",\"#ff5a5a\",\"#57fff7\",\"#57fff7\",0,\"#57fff7\",\"#57fff7\",\"#57fff7\",\"#4a6bff\",\"#57fff7\",\"#57fff7\",\"#57fff7\",\"#57fff7\",\"#57fff7\",\"#57fff7\",\"#4a6bff\",\"#57fff7\",\"#57fff7\",\"#57fff7\",0,0,0,0,0,0,\"#4a6bff\",\"#57fff7\",\"#57fff7\",\"#57fff7\",\"#57fff7\",\"#4a6bff\",0,0,0,0,0,0,0,0,0,0,\"#acacac\",\"#4a6bff\",\"#57fff7\",\"#57fff7\",\"#4a6bff\",\"#acacac\",0,0,0,0,0,0,0,0,0,0,\"#acacac\",0,\"#57fff7\",\"#57fff7\",0,\"#acacac\",0,0,0,0,0,0,0,0,0,0,0,0,\"#57fff7\",\"#57fff7\",0,0,0,0,0,0,0,0,0,0,0,0,0,0,\"#57fff7\",\"#57fff7\",\"#57fff7\",0,0,0,0,0,0]\";', 1, 's:65:\"[0,16,0,0,0,0,0,0,0,0,0,0,0,93,0,0,6,0,0,0,0,0,0,0,4,0,4,0,0,0,0]\";'),
(11, NULL, 'Crocodile', 'Animaux', 10, 12, 's:929:\"[0,0,\"#7bff47\",\"#7bff47\",0,0,\"#7bff47\",\"#7bff47\",0,0,0,0,\"#000000\",\"#7bff47\",\"#7bff47\",\"#7bff47\",\"#7bff47\",\"#000000\",0,0,0,\"#7bff47\",\"#000000\",\"#7bff47\",\"#7bff47\",\"#7bff47\",\"#7bff47\",\"#000000\",\"#7bff47\",0,\"#7bff47\",\"#7bff47\",\"#7bff47\",\"#7bff47\",\"#7bff47\",\"#ffee56\",\"#7bff47\",\"#7bff47\",\"#7bff47\",\"#7bff47\",\"#7bff47\",\"#7bff47\",\"#7bff47\",\"#ffee56\",\"#7bff47\",\"#7bff47\",\"#7bff47\",\"#7bff47\",\"#7bff47\",\"#7bff47\",\"#7bff47\",\"#7bff47\",\"#7bff47\",\"#7bff47\",\"#7bff47\",\"#7bff47\",\"#ffee56\",\"#7bff47\",\"#7bff47\",\"#7bff47\",0,\"#7bff47\",\"#7bff47\",\"#7bff47\",\"#ffee56\",\"#7bff47\",\"#7bff47\",\"#7bff47\",\"#7bff47\",0,0,\"#7bff47\",\"#7bff47\",\"#7bff47\",\"#7bff47\",\"#7bff47\",\"#ffee56\",\"#7bff47\",\"#7bff47\",0,0,0,\"#7bff47\",\"#2fa500\",\"#7bff47\",\"#7bff47\",\"#2fa500\",\"#7bff47\",0,0,0,0,\"#7bff47\",\"#7bff47\",\"#7bff47\",\"#7bff47\",\"#7bff47\",\"#7bff47\",0,0,0,0,\"#2fa500\",\"#ffffff\",\"#2fa500\",\"#2fa500\",\"#ffffff\",\"#2fa500\",0,0,0,0,0,\"#2fa500\",\"#2fa500\",\"#2fa500\",\"#2fa500\",0,0,0]\";', 1, 's:65:\"[0,0,0,0,0,0,0,5,0,10,65,0,0,0,0,0,0,0,0,0,0,0,0,0,0,0,4,0,0,0,2]\";'),
(12, NULL, 'Panda', 'Animaux', 10, 10, 's:849:\"[0,\"#000000\",\"#000000\",0,0,0,0,\"#000000\",\"#000000\",0,\"#000000\",\"#ffa551\",\"#ffa551\",\"#000000\",0,0,\"#000000\",\"#ffa551\",\"#ffa551\",\"#000000\",0,\"#000000\",\"#000000\",\"#ffffff\",\"#ffffff\",\"#ffffff\",\"#ffffff\",\"#000000\",\"#000000\",0,0,\"#ffffff\",\"#ffffff\",\"#ffffff\",\"#ffffff\",\"#ffffff\",\"#ffffff\",\"#ffffff\",\"#ffffff\",0,\"#ffffff\",\"#ffffff\",\"#000000\",\"#000000\",\"#ffffff\",\"#ffffff\",\"#000000\",\"#000000\",\"#ffffff\",\"#ffffff\",0,\"#000000\",\"#000000\",\"#ffffff\",\"#ffffff\",\"#ffffff\",\"#ffffff\",\"#000000\",\"#000000\",\"#ffffff\",\"#ffffff\",\"#000000\",\"#000000\",\"#000000\",\"#ffffff\",\"#ffffff\",\"#000000\",\"#000000\",\"#000000\",\"#ffffff\",\"#ffffff\",\"#ffffff\",\"#ffffff\",\"#ffffff\",\"#ff5a5a\",\"#ff5a5a\",\"#ffffff\",\"#ffffff\",\"#ffffff\",\"#ffffff\",0,\"#acacac\",\"#ffffff\",\"#ffffff\",\"#ffffff\",\"#ffffff\",\"#ffffff\",\"#ffffff\",\"#acacac\",0,0,0,\"#acacac\",\"#acacac\",\"#acacac\",\"#acacac\",\"#acacac\",\"#acacac\",0,0]\";', 1, 's:65:\"[0,2,0,0,4,0,0,0,0,0,0,0,0,0,0,0,0,0,0,0,0,0,0,0,8,0,26,0,0,0,41]\";'),
(13, NULL, 'Hamburger', 'Nourriture', 17, 12, 's:1761:\"[0,0,0,0,0,\"#ffa551\",\"#ffe600\",\"#ffa551\",\"#ffe600\",\"#ffa551\",\"#ffe600\",\"#ffa551\",\"#ffe600\",0,0,0,0,0,0,0,\"#ffa551\",\"#ffa551\",\"#ffa551\",\"#ffa551\",\"#ffa551\",\"#ffa551\",\"#ffa551\",\"#ffa551\",\"#ffa551\",\"#ffa551\",\"#ffa551\",0,0,0,0,0,\"#ffa551\",\"#ffa551\",\"#ffa551\",\"#ffe600\",\"#ffa551\",\"#ffe600\",\"#ffa551\",\"#ffe600\",\"#ffa551\",\"#ffe600\",\"#ffa551\",\"#ffa551\",\"#ff7b00\",0,0,0,\"#ff7b00\",\"#ffa551\",\"#ffa551\",\"#ffa551\",\"#ffa551\",\"#ffa551\",\"#ffa551\",\"#ffa551\",\"#ffa551\",\"#ffa551\",\"#ffa551\",\"#ffa551\",\"#ffa551\",\"#ffa551\",\"#ff7b00\",0,0,\"#ff7b00\",\"#ff7b00\",\"#ff7b00\",\"#ff7b00\",\"#ff7b00\",\"#ff7b00\",\"#ff7b00\",\"#ff7b00\",\"#ff7b00\",\"#ff7b00\",\"#ff7b00\",\"#ff7b00\",\"#ff7b00\",\"#ff7b00\",\"#ff7b00\",0,0,\"#2fa500\",\"#2fa500\",\"#7bff47\",\"#7bff47\",\"#7bff47\",\"#7bff47\",\"#7bff47\",\"#7bff47\",\"#7bff47\",\"#7bff47\",\"#7bff47\",\"#7bff47\",\"#7bff47\",\"#2fa500\",\"#2fa500\",0,\"#6e3f00\",\"#6e3f00\",\"#6e3f00\",\"#c06d00\",\"#c06d00\",\"#c06d00\",\"#c06d00\",\"#c06d00\",\"#c06d00\",\"#c06d00\",\"#c06d00\",\"#c06d00\",\"#c06d00\",\"#c06d00\",\"#6e3f00\",\"#6e3f00\",\"#6e3f00\",\"#810000\",\"#6e3f00\",\"#810000\",\"#c06d00\",\"#810000\",\"#c06d00\",\"#810000\",\"#c06d00\",\"#810000\",\"#c06d00\",\"#810000\",\"#c06d00\",\"#810000\",\"#c06d00\",\"#810000\",\"#6e3f00\",\"#810000\",\"#ff0000\",\"#ff0000\",\"#ff5a5a\",\"#ff5a5a\",\"#ff5a5a\",\"#ff5a5a\",\"#ff5a5a\",\"#ff5a5a\",\"#ff5a5a\",\"#ff5a5a\",\"#ff5a5a\",\"#ff5a5a\",\"#ff5a5a\",\"#ff5a5a\",\"#ff5a5a\",\"#ff0000\",\"#ff0000\",0,\"#ff7b00\",\"#ff7b00\",\"#ff7b00\",\"#ff7b00\",\"#ff7b00\",\"#ff7b00\",\"#ff7b00\",\"#ff7b00\",\"#ff7b00\",\"#ff7b00\",\"#ff7b00\",\"#ff7b00\",\"#ff7b00\",\"#ff7b00\",\"#ff7b00\",0,0,0,\"#ff7b00\",\"#ffa551\",\"#ffa551\",\"#ffa551\",\"#ffa551\",\"#ffa551\",\"#ffa551\",\"#ffa551\",\"#ffa551\",\"#ffa551\",\"#ffa551\",\"#ffa551\",\"#ff7b00\",0,0,0,0,\"#ff7b00\",\"#ff7b00\",\"#ff7b00\",\"#ff7b00\",\"#ff7b00\",\"#ff7b00\",\"#ff7b00\",\"#ff7b00\",\"#ff7b00\",\"#ff7b00\",\"#ff7b00\",\"#ff7b00\",\"#ff7b00\",0,0]\";', 1, 's:68:\"[9,13,4,0,47,48,0,0,8,4,11,0,0,0,0,0,0,0,0,0,0,0,0,0,0,0,0,0,17,8,0]\";'),
(14, NULL, 'Tasse', 'Nourriture', 16, 15, 's:1401:\"[0,0,0,0,0,0,0,0,\"#6e3f00\",0,0,0,0,0,0,0,0,0,0,0,0,0,0,0,0,0,0,0,0,0,0,0,0,0,0,0,0,\"#6e3f00\",0,0,0,0,0,0,0,0,0,0,0,0,0,0,0,0,0,\"#6e3f00\",0,0,0,0,0,0,0,0,0,0,0,0,0,\"#6e3f00\",0,0,0,0,0,0,0,0,0,0,0,\"#57fff7\",\"#57fff7\",\"#57fff7\",\"#57fff7\",\"#57fff7\",\"#57fff7\",\"#57fff7\",\"#57fff7\",\"#00a098\",\"#57fff7\",\"#57fff7\",0,\"#57fff7\",\"#57fff7\",0,0,\"#57fff7\",\"#ffffff\",\"#57fff7\",\"#57fff7\",\"#57fff7\",\"#57fff7\",\"#57fff7\",\"#00a098\",\"#57fff7\",\"#00a098\",\"#00a098\",\"#57fff7\",0,0,\"#57fff7\",0,\"#57fff7\",\"#57fff7\",\"#57fff7\",\"#57fff7\",\"#57fff7\",\"#57fff7\",\"#57fff7\",\"#57fff7\",\"#00a098\",\"#00a098\",\"#00a098\",0,0,0,\"#57fff7\",0,\"#57fff7\",\"#ffffff\",\"#57fff7\",\"#57fff7\",\"#57fff7\",\"#57fff7\",\"#57fff7\",\"#00a098\",\"#57fff7\",\"#00a098\",\"#00a098\",0,0,\"#57fff7\",0,0,\"#57fff7\",\"#ffffff\",\"#57fff7\",\"#57fff7\",\"#57fff7\",\"#57fff7\",\"#57fff7\",\"#57fff7\",\"#00a098\",\"#00a098\",\"#00a098\",0,\"#57fff7\",0,0,0,0,\"#57fff7\",\"#57fff7\",\"#57fff7\",\"#57fff7\",\"#57fff7\",\"#57fff7\",\"#00a098\",\"#57fff7\",\"#00a098\",\"#00a098\",\"#57fff7\",0,0,0,0,0,0,\"#57fff7\",\"#57fff7\",\"#57fff7\",\"#57fff7\",\"#57fff7\",\"#57fff7\",\"#00a098\",\"#00a098\",0,0,0,0,0,0,0,0,0,\"#00a098\",\"#00a098\",\"#00a098\",\"#00a098\",\"#00a098\",\"#00a098\",0,0,0,0,0,0,\"#57fff7\",\"#57fff7\",\"#57fff7\",\"#57fff7\",\"#57fff7\",\"#57fff7\",\"#57fff7\",\"#57fff7\",\"#57fff7\",\"#57fff7\",\"#57fff7\",\"#57fff7\",\"#57fff7\",\"#57fff7\",0,0,0,0,\"#00a098\",\"#00a098\",\"#00a098\",\"#00a098\",\"#00a098\",\"#00a098\",\"#00a098\",\"#00a098\",\"#00a098\",\"#00a098\",0,0,0,0]\";', 1, 's:65:\"[0,0,0,0,0,0,0,0,0,0,0,0,34,74,0,0,0,0,0,0,0,0,0,0,0,0,0,0,0,4,3]\";'),
(15, NULL, 'Frite', 'Nourriture', 11, 15, 's:1379:\"[0,0,0,\"#ffee56\",\"#ffe600\",0,0,0,0,0,0,0,0,0,\"#ffee56\",\"#ffe600\",0,0,\"#ffee56\",\"#ffe600\",0,0,0,\"#ffee56\",\"#ffe600\",\"#ffee56\",\"#ffe600\",0,0,\"#ffee56\",\"#ffe600\",0,0,0,\"#ffee56\",\"#ffe600\",\"#ffee56\",\"#ffe600\",\"#ffee56\",\"#ffe600\",\"#ffee56\",\"#ffe600\",0,0,0,\"#ffee56\",\"#ffe600\",\"#ffee56\",\"#ffe600\",\"#ffee56\",\"#ffe600\",\"#ffee56\",\"#ffe600\",\"#ffee56\",\"#ffe600\",0,\"#ffee56\",\"#ffe600\",\"#ffee56\",\"#ffe600\",\"#ffee56\",\"#ffe600\",\"#ffee56\",\"#ffe600\",\"#ffee56\",\"#ffe600\",\"#ff0000\",\"#ff0000\",\"#ff0000\",\"#ff0000\",\"#ff0000\",\"#ff0000\",\"#ff0000\",\"#ff0000\",\"#ff0000\",\"#ff0000\",\"#ff0000\",\"#ff0000\",\"#ff0000\",\"#ff0000\",\"#ff0000\",\"#ff0000\",\"#ff0000\",\"#ff0000\",\"#ff0000\",\"#ff0000\",\"#ff0000\",\"#ff0000\",\"#ffe600\",\"#ffe600\",\"#ffe600\",\"#ffe600\",\"#ffe600\",\"#ffe600\",\"#ffe600\",\"#ffe600\",\"#ffe600\",\"#ffe600\",\"#ffe600\",\"#ff0000\",\"#ffe600\",\"#ff0000\",\"#ffe600\",\"#ff0000\",\"#ffe600\",\"#ff0000\",\"#ffe600\",\"#ff0000\",\"#ffe600\",\"#ff0000\",\"#ff0000\",\"#ff0000\",\"#ff0000\",\"#ff0000\",\"#ff0000\",\"#ff0000\",\"#ff0000\",\"#ff0000\",\"#ff0000\",\"#ff0000\",\"#ff0000\",\"#ff0000\",\"#ff0000\",\"#ff0000\",\"#ff0000\",\"#ff0000\",\"#ff0000\",\"#ff0000\",\"#ff0000\",\"#ff0000\",\"#ff0000\",\"#ff0000\",0,0,\"#ff0000\",\"#ff0000\",\"#ff0000\",\"#810000\",\"#ff0000\",\"#ff0000\",\"#ff0000\",0,0,0,\"#ff0000\",\"#ff0000\",\"#810000\",\"#810000\",\"#810000\",\"#810000\",\"#810000\",\"#ff0000\",\"#ff0000\",0,0,\"#810000\",\"#810000\",\"#810000\",\"#810000\",\"#810000\",\"#810000\",\"#810000\",\"#810000\",\"#810000\",0]\";', 1, 's:67:\"[15,0,60,0,0,0,0,20,36,0,0,0,0,0,0,0,0,0,0,0,0,0,0,0,0,0,0,0,0,0,0]\";'),
(16, NULL, 'Glace', 'Nourriture', 8, 16, 's:1041:\"[0,0,\"#ff5a5a\",\"#ff5a5a\",\"#ff5a5a\",\"#ff5a5a\",0,0,0,\"#ff5a5a\",\"#ff5a5a\",\"#ff5a5a\",\"#ff5a5a\",\"#ff5a5a\",\"#ff0000\",0,\"#ff5a5a\",\"#ff5a5a\",\"#ffffff\",\"#ff5a5a\",\"#ff5a5a\",\"#ff5a5a\",\"#ff5a5a\",\"#ff0000\",\"#ff5a5a\",\"#ffffff\",\"#ff5a5a\",\"#ff5a5a\",\"#ff5a5a\",\"#ff5a5a\",\"#ff0000\",\"#ff0000\",\"#ff5a5a\",\"#ffffff\",\"#ff5a5a\",\"#ff5a5a\",\"#ff5a5a\",\"#ff5a5a\",\"#ff5a5a\",\"#ff0000\",\"#ff5a5a\",\"#ff5a5a\",\"#ff5a5a\",\"#ff5a5a\",\"#ff5a5a\",\"#ff5a5a\",\"#ff0000\",\"#ff0000\",\"#ff5a5a\",\"#ffffff\",\"#ff5a5a\",\"#ff5a5a\",\"#ff5a5a\",\"#ff5a5a\",\"#ff5a5a\",\"#ff0000\",\"#ff5a5a\",\"#ffffff\",\"#ff5a5a\",\"#ff5a5a\",\"#ff5a5a\",\"#ff5a5a\",\"#ff0000\",\"#ff0000\",\"#ff5a5a\",\"#ffffff\",\"#ff5a5a\",\"#ff5a5a\",\"#ff5a5a\",\"#ff5a5a\",\"#ff5a5a\",\"#ff0000\",\"#ff5a5a\",\"#ffffff\",\"#ff5a5a\",\"#ff5a5a\",\"#ff5a5a\",\"#ff5a5a\",\"#ff5a5a\",\"#ff0000\",\"#ff5a5a\",\"#ff5a5a\",\"#ff5a5a\",\"#ff5a5a\",\"#ff5a5a\",\"#ff5a5a\",\"#ff5a5a\",\"#ff0000\",\"#ff0000\",\"#ff0000\",\"#ff0000\",\"#ff0000\",\"#ff0000\",\"#ff0000\",\"#ff0000\",\"#ff0000\",0,0,0,\"#a34f00\",\"#a34f00\",0,0,0,0,0,0,\"#ffa551\",\"#a34f00\",0,0,0,0,0,0,\"#ffa551\",\"#a34f00\",0,0,0,0,0,0,\"#ffa551\",\"#a34f00\",0,0,0]\";', 1, 's:65:\"[0,62,21,5,3,0,0,0,0,0,0,0,0,0,0,0,0,0,0,0,0,0,0,0,0,0,0,0,0,0,7]\";'),
(17, NULL, 'Cookie', 'Nourriture', 16, 16, 's:1985:\"[0,0,0,0,0,0,\"#c0883f\",\"#6e3f00\",\"#c0883f\",\"#c0883f\",0,0,0,0,0,0,0,0,0,0,\"#c0883f\",\"#c0883f\",\"#c0883f\",\"#c0883f\",\"#c0883f\",\"#c0883f\",\"#c0883f\",\"#c0883f\",0,0,0,0,0,0,0,\"#c0883f\",\"#c0883f\",\"#c06d00\",\"#c0883f\",\"#c0883f\",\"#c0883f\",\"#c0883f\",\"#c0883f\",\"#c0883f\",\"#c0883f\",0,0,0,0,0,\"#c0883f\",\"#c0883f\",\"#c0883f\",\"#c0883f\",\"#c0883f\",\"#6e3f00\",\"#c0883f\",\"#c0883f\",\"#c0883f\",\"#6e3f00\",\"#c0883f\",\"#c0883f\",0,0,0,\"#c0883f\",\"#c0883f\",\"#c06d00\",\"#c0883f\",\"#c0883f\",\"#c0883f\",\"#c0883f\",\"#c0883f\",\"#c0883f\",\"#c0883f\",\"#c0883f\",\"#c0883f\",\"#c0883f\",\"#c0883f\",0,0,\"#c0883f\",\"#c0883f\",\"#c0883f\",\"#c0883f\",\"#c0883f\",\"#c06d00\",\"#c06d00\",\"#c0883f\",\"#c0883f\",\"#c06d00\",\"#c06d00\",\"#c0883f\",\"#c06d00\",\"#c0883f\",0,0,\"#c0883f\",\"#c0883f\",\"#c0883f\",\"#6e3f00\",\"#c0883f\",\"#c0883f\",\"#c0883f\",\"#6e3f00\",\"#6e3f00\",\"#c0883f\",\"#c0883f\",\"#c0883f\",\"#c0883f\",\"#c0883f\",0,\"#c0883f\",\"#c0883f\",\"#c06d00\",\"#c0883f\",\"#c0883f\",\"#c0883f\",\"#c0883f\",\"#c0883f\",\"#c0883f\",\"#c0883f\",\"#c0883f\",\"#c0883f\",\"#c0883f\",\"#c0883f\",\"#c06d00\",\"#c0883f\",\"#6e3f00\",\"#c0883f\",\"#c0883f\",\"#c0883f\",\"#c0883f\",\"#c0883f\",\"#c0883f\",\"#c0883f\",\"#c06d00\",\"#c0883f\",\"#c0883f\",\"#c0883f\",\"#6e3f00\",\"#c0883f\",\"#c0883f\",\"#c0883f\",0,\"#c0883f\",\"#c0883f\",\"#c06d00\",\"#c0883f\",\"#c0883f\",\"#c0883f\",\"#6e3f00\",\"#c0883f\",\"#c0883f\",\"#c0883f\",\"#c0883f\",\"#c0883f\",\"#c0883f\",\"#c0883f\",0,0,\"#c0883f\",\"#c0883f\",\"#6e3f00\",\"#c0883f\",\"#c0883f\",\"#c0883f\",\"#c0883f\",\"#c0883f\",\"#c0883f\",\"#c0883f\",\"#c0883f\",\"#c0883f\",\"#c06d00\",\"#c0883f\",0,0,\"#c0883f\",\"#c0883f\",\"#c0883f\",\"#c0883f\",\"#c0883f\",\"#c0883f\",\"#c0883f\",\"#c0883f\",\"#c06d00\",\"#c0883f\",\"#c0883f\",\"#c0883f\",\"#c0883f\",\"#c0883f\",0,0,0,\"#c0883f\",\"#c0883f\",\"#c0883f\",\"#c0883f\",\"#c06d00\",\"#c0883f\",\"#c0883f\",\"#c0883f\",\"#c0883f\",\"#6e3f00\",\"#c0883f\",\"#c0883f\",0,0,0,0,0,\"#c0883f\",\"#c0883f\",\"#c0883f\",\"#c0883f\",\"#6e3f00\",\"#c0883f\",\"#c0883f\",\"#c0883f\",\"#c0883f\",\"#c0883f\",0,0,0,0,0,0,0,\"#c0883f\",\"#c0883f\",\"#c0883f\",\"#c0883f\",\"#c0883f\",\"#c0883f\",\"#c0883f\",\"#c0883f\",0,0,0,0,0,0,0,0,0,0,\"#c0883f\",\"#c0883f\",\"#c06d00\",\"#c0883f\",0,0,0,0,0,0]\";', 1, 's:67:\"[0,0,0,0,0,0,0,0,0,0,0,0,0,0,0,0,0,0,0,0,0,0,0,0,0,0,0,157,15,12,0]\";'),
(19, NULL, 'Milk Shake à 5$', 'Nourriture', 11, 22, 's:1549:\"[\"#2fa500\",0,0,0,0,\"#ffffff\",0,0,0,0,0,\"#7bff47\",\"#2fa500\",0,0,0,0,\"#ffffff\",\"#ffffff\",0,0,0,0,\"#ff5a5a\",\"#ff0000\",0,0,\"#ffffff\",\"#ffffff\",\"#ffffff\",\"#ffffff\",0,0,0,\"#ff0000\",\"#ff5a5a\",\"#ffffff\",\"#acacac\",\"#ffffff\",\"#ffffff\",\"#acacac\",\"#ffffff\",\"#ffffff\",0,0,\"#ff0000\",\"#ffffff\",\"#ffffff\",\"#acacac\",\"#ffffff\",\"#ffffff\",\"#acacac\",\"#ffffff\",\"#ffffff\",\"#ffffff\",0,\"#97008b\",\"#97008b\",\"#97008b\",\"#ff4bf0\",\"#ff4bf0\",\"#ff4bf0\",\"#ff00ea\",\"#ff00ea\",\"#ff4bf0\",\"#ff4bf0\",0,\"#97008b\",\"#97008b\",\"#97008b\",\"#ff4bf0\",\"#ff4bf0\",\"#ff4bf0\",\"#ff4bf0\",\"#ff4bf0\",\"#ff4bf0\",\"#ff4bf0\",0,0,\"#ff4bf0\",\"#ff4bf0\",\"#ff4bf0\",\"#ff4bf0\",\"#ff4bf0\",\"#ff4bf0\",\"#ff4bf0\",\"#ff4bf0\",0,0,0,\"#97008b\",\"#ff00ea\",\"#ff00ea\",\"#ff00ea\",\"#ff00ea\",\"#ff00ea\",\"#ff00ea\",\"#ff4bf0\",0,0,0,\"#97008b\",\"#ff00ea\",\"#ff00ea\",\"#ff00ea\",\"#ff00ea\",\"#ff00ea\",\"#ff00ea\",\"#ff4bf0\",0,0,0,\"#97008b\",\"#ff4bf0\",\"#ff4bf0\",\"#ff00ea\",\"#ff00ea\",\"#ff00ea\",\"#ff4bf0\",\"#ff4bf0\",0,0,0,0,\"#97008b\",\"#ff4bf0\",\"#ff00ea\",\"#ff00ea\",\"#ff00ea\",\"#ff4bf0\",0,0,0,0,0,\"#97008b\",\"#ff4bf0\",\"#ff00ea\",\"#ff00ea\",\"#ff4bf0\",\"#ff4bf0\",0,0,0,0,0,\"#97008b\",\"#ff4bf0\",\"#ff00ea\",\"#ff00ea\",\"#ff4bf0\",\"#ff4bf0\",0,0,0,0,0,\"#97008b\",\"#ff4bf0\",\"#ff00ea\",\"#ff00ea\",\"#ff4bf0\",\"#ff4bf0\",0,0,0,0,0,0,\"#97008b\",\"#ff4bf0\",\"#ff4bf0\",\"#ff4bf0\",0,0,0,0,0,0,0,\"#97008b\",\"#ff4bf0\",\"#ff4bf0\",\"#ff4bf0\",0,0,0,0,0,0,0,\"#97008b\",\"#ff4bf0\",\"#ff4bf0\",\"#ff4bf0\",0,0,0,0,0,0,0,0,\"#97008b\",\"#97008b\",0,0,0,0,0,0,0,0,0,\"#585858\",\"#585858\",0,0,0,0,0,0,0,0,\"#585858\",\"#585858\",\"#585858\",\"#585858\",0,0,0,0,0,0,\"#585858\",\"#585858\",\"#585858\",\"#585858\",\"#585858\",\"#585858\",0,0]\";', 1, 's:68:\"[0,2,3,0,0,0,0,0,0,2,1,0,0,0,0,0,0,0,0,0,0,18,46,26,4,12,0,0,0,0,19]\";'),
(20, NULL, 'Adidas', 'Marque', 35, 16, 's:3193:\"[0,0,0,0,0,0,0,0,0,0,0,0,0,0,0,0,0,0,\"#000000\",\"#000000\",0,0,0,0,0,0,0,0,0,0,0,0,0,0,0,0,0,0,0,0,0,0,0,0,0,0,0,0,0,0,0,\"#000000\",\"#000000\",\"#000000\",\"#000000\",\"#000000\",0,0,0,0,0,0,0,0,0,0,0,0,0,0,0,0,0,0,0,0,0,0,0,0,0,0,0,0,\"#000000\",\"#000000\",\"#000000\",\"#ffffff\",\"#ffffff\",\"#ffffff\",\"#000000\",\"#000000\",0,0,0,0,0,0,0,0,0,0,0,0,0,0,0,0,0,0,0,0,0,0,0,0,0,0,0,\"#000000\",\"#000000\",0,\"#ffffff\",\"#ffffff\",\"#ffffff\",\"#ffffff\",\"#000000\",\"#000000\",0,0,0,0,0,0,0,0,0,0,0,0,0,0,0,0,0,0,0,0,0,0,0,0,0,0,0,\"#000000\",\"#000000\",\"#ffffff\",\"#ffffff\",\"#ffffff\",\"#ffffff\",\"#ffffff\",\"#000000\",\"#000000\",0,0,0,0,0,0,0,0,0,0,0,0,0,0,0,0,0,0,0,0,0,0,\"#000000\",\"#000000\",0,0,0,\"#000000\",\"#000000\",0,\"#ffffff\",\"#ffffff\",\"#ffffff\",\"#ffffff\",\"#000000\",\"#000000\",0,0,0,0,0,0,0,0,0,0,0,0,0,0,0,0,0,0,0,\"#000000\",\"#000000\",\"#000000\",\"#000000\",\"#000000\",0,0,0,\"#000000\",\"#000000\",\"#ffffff\",\"#ffffff\",\"#ffffff\",\"#ffffff\",\"#ffffff\",\"#000000\",\"#000000\",0,0,0,0,0,0,0,0,0,0,0,0,0,0,0,0,\"#000000\",\"#000000\",\"#000000\",\"#ffffff\",\"#ffffff\",\"#ffffff\",\"#000000\",\"#000000\",0,0,0,\"#000000\",\"#000000\",\"#ffffff\",\"#ffffff\",\"#ffffff\",\"#ffffff\",\"#ffffff\",\"#000000\",\"#000000\",0,0,0,0,0,0,0,0,0,0,0,0,0,0,0,\"#000000\",\"#000000\",\"#ffffff\",\"#ffffff\",\"#ffffff\",\"#ffffff\",\"#ffffff\",\"#000000\",\"#000000\",0,0,0,\"#000000\",\"#000000\",\"#ffffff\",\"#ffffff\",\"#ffffff\",\"#ffffff\",\"#ffffff\",\"#000000\",\"#000000\",0,0,0,0,0,0,0,0,0,0,0,0,0,0,0,\"#000000\",\"#000000\",\"#ffffff\",\"#ffffff\",\"#ffffff\",\"#ffffff\",\"#ffffff\",\"#000000\",\"#000000\",0,0,0,\"#000000\",\"#000000\",\"#ffffff\",\"#ffffff\",\"#ffffff\",\"#ffffff\",\"#ffffff\",\"#000000\",\"#000000\",0,0,0,0,0,0,0,0,0,0,\"#000000\",\"#000000\",0,0,0,\"#000000\",\"#000000\",\"#ffffff\",\"#ffffff\",\"#ffffff\",\"#ffffff\",\"#ffffff\",\"#000000\",\"#000000\",0,0,0,\"#000000\",\"#000000\",\"#ffffff\",\"#ffffff\",\"#ffffff\",\"#ffffff\",\"#ffffff\",\"#000000\",\"#000000\",0,0,0,0,0,0,0,\"#000000\",\"#000000\",\"#000000\",\"#000000\",\"#000000\",0,0,0,\"#000000\",\"#000000\",\"#ffffff\",\"#ffffff\",\"#ffffff\",\"#ffffff\",\"#ffffff\",\"#000000\",\"#000000\",0,0,0,\"#000000\",\"#000000\",\"#ffffff\",\"#ffffff\",\"#ffffff\",\"#ffffff\",\"#ffffff\",\"#000000\",\"#000000\",0,0,0,0,\"#000000\",\"#000000\",\"#000000\",\"#ffffff\",\"#ffffff\",\"#ffffff\",\"#000000\",\"#000000\",0,0,0,\"#000000\",\"#000000\",\"#ffffff\",\"#ffffff\",\"#ffffff\",\"#ffffff\",\"#ffffff\",\"#000000\",\"#000000\",0,0,0,\"#000000\",\"#000000\",\"#ffffff\",\"#ffffff\",\"#ffffff\",\"#ffffff\",\"#ffffff\",\"#000000\",\"#000000\",0,0,0,\"#000000\",\"#000000\",\"#ffffff\",\"#ffffff\",\"#ffffff\",\"#ffffff\",\"#ffffff\",\"#000000\",\"#000000\",0,0,0,\"#000000\",\"#000000\",\"#ffffff\",\"#ffffff\",\"#ffffff\",\"#ffffff\",\"#ffffff\",\"#000000\",\"#000000\",0,0,0,\"#000000\",\"#000000\",\"#ffffff\",\"#ffffff\",\"#ffffff\",\"#ffffff\",\"#ffffff\",\"#000000\",\"#000000\",0,0,0,\"#000000\",\"#000000\",\"#ffffff\",\"#ffffff\",\"#ffffff\",\"#ffffff\",\"#ffffff\",\"#000000\",\"#000000\",0,0,0,\"#000000\",\"#000000\",\"#ffffff\",\"#ffffff\",\"#ffffff\",\"#ffffff\",\"#ffffff\",\"#000000\",\"#000000\",0,0,0,\"#000000\",\"#ffffff\",\"#ffffff\",\"#ffffff\",\"#ffffff\",\"#ffffff\",\"#ffffff\",\"#000000\",\"#000000\",0,0,0,\"#000000\",\"#000000\",\"#000000\",\"#000000\",\"#000000\",\"#000000\",\"#000000\",\"#000000\",\"#000000\",0,0,0,\"#000000\",\"#000000\",\"#000000\",\"#000000\",\"#000000\",\"#000000\",\"#000000\",\"#000000\",\"#000000\",0,0,0,\"#000000\",\"#000000\",\"#000000\",\"#000000\",\"#000000\",\"#000000\",\"#000000\",\"#000000\",\"#000000\"]\";', 1, 's:67:\"[0,0,0,0,0,0,0,0,0,0,0,0,0,0,0,0,0,0,0,0,0,0,0,0,0,0,146,0,0,0,113]\";'),
(21, NULL, 'BMW', 'Marque', 20, 20, 's:3265:\"[0,0,0,0,0,0,0,\"#000000\",\"#000000\",\"#000000\",\"#000000\",\"#000000\",\"#000000\",0,0,0,0,0,0,0,0,0,0,0,0,\"#000000\",\"#000000\",\"#ffffff\",\"#ffffff\",\"#ffffff\",\"#ffffff\",\"#ffffff\",\"#ffffff\",\"#000000\",\"#000000\",0,0,0,0,0,0,0,0,0,\"#000000\",\"#ffffff\",\"#ffffff\",\"#ffffff\",\"#000000\",\"#000000\",\"#000000\",\"#000000\",\"#ffffff\",\"#ffffff\",\"#ffffff\",\"#000000\",0,0,0,0,0,0,0,\"#000000\",\"#ffffff\",\"#ffffff\",\"#000000\",\"#000000\",\"#002fff\",\"#002fff\",\"#ffffff\",\"#ffffff\",\"#000000\",\"#000000\",\"#ffffff\",\"#ffffff\",\"#000000\",0,0,0,0,0,\"#000000\",\"#ffffff\",\"#ffffff\",\"#000000\",\"#002fff\",\"#002fff\",\"#002fff\",\"#002fff\",\"#ffffff\",\"#ffffff\",\"#ffffff\",\"#ffffff\",\"#000000\",\"#ffffff\",\"#ffffff\",\"#000000\",0,0,0,\"#000000\",\"#ffffff\",\"#ffffff\",\"#000000\",\"#002fff\",\"#002fff\",\"#002fff\",\"#002fff\",\"#002fff\",\"#ffffff\",\"#ffffff\",\"#ffffff\",\"#ffffff\",\"#ffffff\",\"#000000\",\"#ffffff\",\"#ffffff\",\"#000000\",0,0,\"#000000\",\"#ffffff\",\"#000000\",\"#002fff\",\"#002fff\",\"#002fff\",\"#002fff\",\"#002fff\",\"#002fff\",\"#ffffff\",\"#ffffff\",\"#ffffff\",\"#ffffff\",\"#ffffff\",\"#ffffff\",\"#000000\",\"#ffffff\",\"#000000\",0,\"#000000\",\"#ffffff\",\"#ffffff\",\"#000000\",\"#002fff\",\"#002fff\",\"#002fff\",\"#002fff\",\"#002fff\",\"#002fff\",\"#ffffff\",\"#ffffff\",\"#ffffff\",\"#ffffff\",\"#ffffff\",\"#ffffff\",\"#000000\",\"#ffffff\",\"#ffffff\",\"#000000\",\"#000000\",\"#ffffff\",\"#000000\",\"#002fff\",\"#002fff\",\"#002fff\",\"#002fff\",\"#002fff\",\"#002fff\",\"#002fff\",\"#ffffff\",\"#ffffff\",\"#ffffff\",\"#ffffff\",\"#ffffff\",\"#ffffff\",\"#ffffff\",\"#000000\",\"#ffffff\",\"#000000\",\"#000000\",\"#ffffff\",\"#000000\",\"#002fff\",\"#002fff\",\"#002fff\",\"#002fff\",\"#002fff\",\"#002fff\",\"#002fff\",\"#ffffff\",\"#ffffff\",\"#ffffff\",\"#ffffff\",\"#ffffff\",\"#ffffff\",\"#ffffff\",\"#000000\",\"#ffffff\",\"#000000\",\"#000000\",\"#ffffff\",\"#000000\",\"#ffffff\",\"#ffffff\",\"#ffffff\",\"#ffffff\",\"#ffffff\",\"#ffffff\",\"#ffffff\",\"#002fff\",\"#002fff\",\"#002fff\",\"#002fff\",\"#002fff\",\"#002fff\",\"#002fff\",\"#000000\",\"#ffffff\",\"#000000\",\"#000000\",\"#ffffff\",\"#000000\",\"#ffffff\",\"#ffffff\",\"#ffffff\",\"#ffffff\",\"#ffffff\",\"#ffffff\",\"#ffffff\",\"#002fff\",\"#002fff\",\"#002fff\",\"#002fff\",\"#002fff\",\"#002fff\",\"#002fff\",\"#000000\",\"#ffffff\",\"#000000\",\"#000000\",\"#ffffff\",\"#ffffff\",\"#000000\",\"#ffffff\",\"#ffffff\",\"#ffffff\",\"#ffffff\",\"#ffffff\",\"#ffffff\",\"#002fff\",\"#002fff\",\"#002fff\",\"#002fff\",\"#002fff\",\"#002fff\",\"#000000\",\"#ffffff\",\"#ffffff\",\"#000000\",0,\"#000000\",\"#ffffff\",\"#000000\",\"#ffffff\",\"#ffffff\",\"#ffffff\",\"#ffffff\",\"#ffffff\",\"#ffffff\",\"#002fff\",\"#002fff\",\"#002fff\",\"#002fff\",\"#002fff\",\"#002fff\",\"#000000\",\"#ffffff\",\"#000000\",0,0,\"#000000\",\"#ffffff\",\"#ffffff\",\"#000000\",\"#ffffff\",\"#ffffff\",\"#ffffff\",\"#ffffff\",\"#ffffff\",\"#002fff\",\"#002fff\",\"#002fff\",\"#002fff\",\"#002fff\",\"#000000\",\"#ffffff\",\"#ffffff\",\"#000000\",0,0,0,\"#000000\",\"#ffffff\",\"#ffffff\",\"#000000\",\"#ffffff\",\"#ffffff\",\"#ffffff\",\"#ffffff\",\"#002fff\",\"#002fff\",\"#002fff\",\"#002fff\",\"#000000\",\"#ffffff\",\"#ffffff\",\"#000000\",0,0,0,0,0,\"#000000\",\"#ffffff\",\"#ffffff\",\"#000000\",\"#000000\",\"#ffffff\",\"#ffffff\",\"#002fff\",\"#002fff\",\"#000000\",\"#000000\",\"#ffffff\",\"#ffffff\",\"#000000\",0,0,0,0,0,0,0,\"#000000\",\"#ffffff\",\"#ffffff\",\"#ffffff\",\"#000000\",\"#000000\",\"#000000\",\"#000000\",\"#ffffff\",\"#ffffff\",\"#ffffff\",\"#000000\",0,0,0,0,0,0,0,0,0,\"#000000\",\"#000000\",\"#ffffff\",\"#ffffff\",\"#ffffff\",\"#ffffff\",\"#ffffff\",\"#ffffff\",\"#000000\",\"#000000\",0,0,0,0,0,0,0,0,0,0,0,0,\"#000000\",\"#000000\",\"#000000\",\"#000000\",\"#000000\",\"#000000\",0,0,0,0,0,0,0]\";', 1, 's:67:\"[0,0,0,0,0,0,0,0,0,0,0,0,0,0,0,0,0,74,0,0,0,0,0,0,0,0,92,0,0,0,142]\";'),
(22, NULL, 'Macdonald', 'Marque', 17, 15, 's:1575:\"[0,0,0,0,\"#ffe600\",\"#000000\",0,0,0,0,0,\"#ffe600\",\"#000000\",0,0,0,0,0,0,0,\"#ffe600\",\"#ffe600\",\"#ffe600\",\"#000000\",0,0,0,\"#ffe600\",\"#ffe600\",\"#ffe600\",\"#000000\",0,0,0,0,0,\"#ffe600\",\"#ffe600\",\"#000000\",\"#ffe600\",\"#ffe600\",\"#000000\",0,\"#ffe600\",\"#ffe600\",\"#000000\",\"#ffe600\",\"#ffe600\",\"#000000\",0,0,0,0,\"#ffe600\",\"#ffe600\",\"#000000\",\"#ffe600\",\"#ffe600\",\"#000000\",0,\"#ffe600\",\"#ffe600\",\"#000000\",\"#ffe600\",\"#ffe600\",\"#000000\",0,0,0,\"#ffe600\",\"#ffe600\",\"#000000\",0,0,\"#ffe600\",\"#ffe600\",\"#ffe600\",\"#ffe600\",\"#000000\",0,0,\"#ffe600\",\"#ffe600\",\"#000000\",0,0,\"#ffe600\",\"#ffe600\",\"#000000\",0,0,\"#ffe600\",\"#ffe600\",\"#ffe600\",\"#ffe600\",\"#000000\",0,0,\"#ffe600\",\"#ffe600\",\"#000000\",0,0,\"#ffe600\",\"#000000\",0,0,0,0,\"#ffe600\",\"#ffe600\",\"#000000\",0,0,0,0,\"#ffe600\",\"#000000\",0,\"#ffe600\",\"#ffe600\",\"#000000\",0,0,0,0,\"#ffe600\",\"#ffe600\",\"#000000\",0,0,0,0,\"#ffe600\",\"#ffe600\",\"#000000\",\"#ffe600\",\"#ffe600\",\"#000000\",0,0,0,0,\"#ffe600\",\"#ffe600\",\"#000000\",0,0,0,0,\"#ffe600\",\"#ffe600\",\"#000000\",\"#ffe600\",\"#ffe600\",\"#000000\",0,0,0,0,\"#ffe600\",\"#ffe600\",\"#000000\",0,0,0,0,\"#ffe600\",\"#ffe600\",\"#000000\",\"#ffe600\",\"#ffe600\",\"#000000\",0,0,0,0,\"#ffe600\",\"#ffe600\",\"#000000\",0,0,0,0,\"#ffe600\",\"#ffe600\",\"#000000\",\"#ffe600\",\"#ffe600\",\"#000000\",0,0,0,0,\"#ffe600\",\"#ffe600\",\"#000000\",0,0,0,0,\"#ffe600\",\"#ffe600\",\"#000000\",\"#ffe600\",\"#ffe600\",\"#000000\",0,0,0,0,\"#ffe600\",\"#ffe600\",\"#000000\",0,0,0,0,\"#ffe600\",\"#ffe600\",\"#000000\",0,\"#ffe600\",\"#000000\",0,0,0,0,\"#ffe600\",\"#ffe600\",\"#000000\",0,0,0,0,\"#ffe600\",\"#000000\",\"#000000\",0,\"#000000\",\"#000000\",0,0,0,0,0,\"#000000\",\"#000000\",0,0,0,0,\"#000000\",\"#000000\",0]\";', 1, 's:65:\"[0,0,0,0,0,0,0,0,84,0,0,0,0,0,0,0,0,0,0,0,0,0,0,0,0,0,49,0,0,0,0]\";'),
(23, NULL, 'Nike', 'Marque', 33, 14, 's:2781:\"[0,0,0,0,0,0,0,\"#000000\",\"#000000\",\"#000000\",0,0,0,0,0,0,0,0,0,0,0,0,0,0,0,0,0,0,0,\"#000000\",\"#000000\",\"#000000\",\"#000000\",0,0,0,0,0,\"#000000\",\"#000000\",\"#000000\",\"#ffffff\",\"#000000\",0,0,0,0,0,0,0,0,0,0,0,0,0,0,0,0,\"#000000\",\"#000000\",\"#000000\",\"#000000\",\"#ffffff\",\"#ffffff\",\"#000000\",0,0,0,0,\"#000000\",\"#000000\",\"#ffffff\",\"#ffffff\",\"#000000\",\"#000000\",0,0,0,0,0,0,0,0,0,0,0,0,0,\"#000000\",\"#000000\",\"#000000\",\"#000000\",\"#ffffff\",\"#ffffff\",\"#ffffff\",\"#ffffff\",\"#000000\",\"#000000\",0,0,0,\"#000000\",\"#000000\",\"#ffffff\",\"#ffffff\",\"#000000\",\"#000000\",0,0,0,0,0,0,0,0,0,0,0,\"#000000\",\"#000000\",\"#000000\",\"#000000\",\"#ffffff\",\"#ffffff\",\"#ffffff\",\"#ffffff\",\"#ffffff\",\"#ffffff\",\"#000000\",\"#000000\",0,0,0,\"#000000\",\"#000000\",\"#ffffff\",\"#ffffff\",\"#000000\",\"#000000\",0,0,0,0,0,0,0,0,0,\"#000000\",\"#000000\",\"#000000\",\"#000000\",\"#ffffff\",\"#ffffff\",\"#ffffff\",\"#ffffff\",\"#ffffff\",\"#ffffff\",\"#000000\",\"#000000\",\"#000000\",0,0,0,0,\"#000000\",\"#000000\",\"#ffffff\",\"#ffffff\",\"#ffffff\",\"#000000\",0,0,0,0,0,0,0,\"#000000\",\"#000000\",\"#000000\",\"#000000\",\"#ffffff\",\"#ffffff\",\"#ffffff\",\"#ffffff\",\"#ffffff\",\"#ffffff\",\"#ffffff\",\"#000000\",\"#000000\",\"#000000\",0,0,0,0,0,0,\"#000000\",\"#ffffff\",\"#ffffff\",\"#ffffff\",\"#ffffff\",\"#000000\",\"#000000\",0,0,0,\"#000000\",\"#000000\",\"#000000\",\"#000000\",\"#ffffff\",\"#ffffff\",\"#ffffff\",\"#ffffff\",\"#ffffff\",\"#ffffff\",\"#ffffff\",\"#ffffff\",\"#000000\",\"#000000\",\"#000000\",0,0,0,0,0,0,0,\"#000000\",\"#000000\",\"#ffffff\",\"#ffffff\",\"#ffffff\",\"#ffffff\",\"#ffffff\",\"#000000\",\"#000000\",\"#000000\",\"#000000\",\"#000000\",\"#ffffff\",\"#ffffff\",\"#ffffff\",\"#ffffff\",\"#ffffff\",\"#ffffff\",\"#ffffff\",\"#ffffff\",\"#ffffff\",\"#000000\",\"#000000\",\"#000000\",0,0,0,0,0,0,0,0,0,\"#000000\",\"#ffffff\",\"#ffffff\",\"#ffffff\",\"#ffffff\",\"#ffffff\",\"#ffffff\",\"#ffffff\",\"#ffffff\",\"#ffffff\",\"#ffffff\",\"#ffffff\",\"#ffffff\",\"#ffffff\",\"#ffffff\",\"#ffffff\",\"#ffffff\",\"#ffffff\",\"#ffffff\",\"#000000\",\"#000000\",\"#000000\",0,0,0,0,0,0,0,0,0,0,0,\"#000000\",\"#ffffff\",\"#ffffff\",\"#ffffff\",\"#ffffff\",\"#ffffff\",\"#ffffff\",\"#ffffff\",\"#ffffff\",\"#ffffff\",\"#ffffff\",\"#ffffff\",\"#ffffff\",\"#ffffff\",\"#ffffff\",\"#ffffff\",\"#ffffff\",\"#000000\",\"#000000\",\"#000000\",0,0,0,0,0,0,0,0,0,0,0,0,0,\"#000000\",\"#000000\",\"#ffffff\",\"#ffffff\",\"#ffffff\",\"#ffffff\",\"#ffffff\",\"#ffffff\",\"#ffffff\",\"#ffffff\",\"#ffffff\",\"#ffffff\",\"#ffffff\",\"#ffffff\",\"#ffffff\",\"#000000\",\"#000000\",\"#000000\",0,0,0,0,0,0,0,0,0,0,0,0,0,0,0,0,\"#000000\",\"#000000\",\"#ffffff\",\"#ffffff\",\"#ffffff\",\"#ffffff\",\"#ffffff\",\"#ffffff\",\"#ffffff\",\"#ffffff\",\"#ffffff\",\"#ffffff\",\"#000000\",\"#000000\",\"#000000\",0,0,0,0,0,0,0,0,0,0,0,0,0,0,0,0,0,0,0,\"#000000\",\"#000000\",\"#000000\",\"#ffffff\",\"#ffffff\",\"#ffffff\",\"#ffffff\",\"#ffffff\",\"#000000\",\"#000000\",\"#000000\",\"#000000\",0,0,0,0,0,0,0,0,0,0,0,0,0,0,0,0,0,0,0,0,0,0,0,\"#000000\",\"#000000\",\"#000000\",\"#000000\",\"#000000\",\"#000000\",\"#000000\",0,0,0,0,0,0,0,0,0,0,0,0,0,0,0,0,0,0,0,0,0,0]\";', 1, 's:67:\"[0,0,0,0,0,0,0,0,0,0,0,0,0,0,0,0,0,0,0,0,0,0,0,0,0,0,109,0,0,0,123]\";'),
(24, NULL, 'Snapchat', 'Marque', 24, 21, 's:4945:\"[0,0,\"#ffe600\",\"#ffe600\",\"#ffe600\",\"#ffe600\",\"#ffe600\",\"#ffe600\",\"#ffe600\",\"#ffe600\",\"#ffe600\",\"#ffe600\",\"#ffe600\",\"#ffe600\",\"#ffe600\",\"#ffe600\",\"#ffe600\",\"#ffe600\",\"#ffe600\",\"#ffe600\",\"#ffe600\",\"#ffe600\",0,0,0,\"#ffe600\",\"#ffe600\",\"#ffe600\",\"#ffe600\",\"#ffe600\",\"#ffe600\",\"#ffe600\",\"#ffe600\",\"#ffe600\",\"#000000\",\"#000000\",\"#000000\",\"#000000\",\"#ffe600\",\"#ffe600\",\"#ffe600\",\"#ffe600\",\"#ffe600\",\"#ffe600\",\"#ffe600\",\"#ffe600\",\"#ffe600\",0,\"#ffe600\",\"#ffe600\",\"#ffe600\",\"#ffe600\",\"#ffe600\",\"#ffe600\",\"#ffe600\",\"#ffe600\",\"#ffe600\",\"#000000\",\"#ffffff\",\"#ffffff\",\"#ffffff\",\"#ffffff\",\"#000000\",\"#ffe600\",\"#ffe600\",\"#ffe600\",\"#ffe600\",\"#ffe600\",\"#ffe600\",\"#ffe600\",\"#ffe600\",\"#ffe600\",\"#ffe600\",\"#ffe600\",\"#ffe600\",\"#ffe600\",\"#ffe600\",\"#ffe600\",\"#ffe600\",\"#ffe600\",\"#000000\",\"#ffffff\",\"#ffffff\",\"#ffffff\",\"#ffffff\",\"#ffffff\",\"#ffffff\",\"#000000\",\"#ffe600\",\"#ffe600\",\"#ffe600\",\"#ffe600\",\"#ffe600\",\"#ffe600\",\"#ffe600\",\"#ffe600\",\"#ffe600\",\"#ffe600\",\"#ffe600\",\"#ffe600\",\"#ffe600\",\"#ffe600\",\"#ffe600\",\"#000000\",\"#ffffff\",\"#ffffff\",\"#ffffff\",\"#ffffff\",\"#ffffff\",\"#ffffff\",\"#ffffff\",\"#ffffff\",\"#000000\",\"#ffe600\",\"#ffe600\",\"#ffe600\",\"#ffe600\",\"#ffe600\",\"#ffe600\",\"#ffe600\",\"#ffe600\",\"#ffe600\",\"#ffe600\",\"#ffe600\",\"#ffe600\",\"#ffe600\",\"#ffe600\",\"#000000\",\"#ffffff\",\"#ffffff\",\"#ffffff\",\"#ffffff\",\"#ffffff\",\"#ffffff\",\"#ffffff\",\"#ffffff\",\"#000000\",\"#ffe600\",\"#ffe600\",\"#ffe600\",\"#ffe600\",\"#ffe600\",\"#ffe600\",\"#ffe600\",\"#ffe600\",\"#ffe600\",\"#ffe600\",\"#ffe600\",\"#ffe600\",\"#ffe600\",\"#ffe600\",\"#000000\",\"#ffffff\",\"#ffffff\",\"#ffffff\",\"#ffffff\",\"#ffffff\",\"#ffffff\",\"#ffffff\",\"#ffffff\",\"#000000\",\"#ffe600\",\"#ffe600\",\"#ffe600\",\"#ffe600\",\"#ffe600\",\"#ffe600\",\"#ffe600\",\"#ffe600\",\"#ffe600\",\"#ffe600\",\"#ffe600\",\"#ffe600\",\"#ffe600\",\"#ffe600\",\"#000000\",\"#ffffff\",\"#ffffff\",\"#ffffff\",\"#ffffff\",\"#ffffff\",\"#ffffff\",\"#ffffff\",\"#ffffff\",\"#000000\",\"#ffe600\",\"#ffe600\",\"#ffe600\",\"#ffe600\",\"#ffe600\",\"#ffe600\",\"#ffe600\",\"#ffe600\",\"#ffe600\",\"#ffe600\",\"#ffe600\",\"#ffe600\",\"#000000\",\"#000000\",\"#000000\",\"#ffffff\",\"#ffffff\",\"#ffffff\",\"#ffffff\",\"#ffffff\",\"#ffffff\",\"#ffffff\",\"#ffffff\",\"#000000\",\"#000000\",\"#000000\",\"#ffe600\",\"#ffe600\",\"#ffe600\",\"#ffe600\",\"#ffe600\",\"#ffe600\",\"#ffe600\",\"#ffe600\",\"#ffe600\",\"#ffe600\",\"#000000\",\"#ffffff\",\"#ffffff\",\"#ffffff\",\"#ffffff\",\"#ffffff\",\"#ffffff\",\"#ffffff\",\"#ffffff\",\"#ffffff\",\"#ffffff\",\"#ffffff\",\"#ffffff\",\"#000000\",\"#ffe600\",\"#ffe600\",\"#ffe600\",\"#ffe600\",\"#ffe600\",\"#ffe600\",\"#ffe600\",\"#ffe600\",\"#ffe600\",\"#ffe600\",\"#ffe600\",\"#ffe600\",\"#000000\",\"#ffffff\",\"#ffffff\",\"#ffffff\",\"#ffffff\",\"#ffffff\",\"#ffffff\",\"#ffffff\",\"#ffffff\",\"#000000\",\"#ffe600\",\"#ffe600\",\"#ffe600\",\"#ffe600\",\"#ffe600\",\"#ffe600\",\"#ffe600\",\"#ffe600\",\"#ffe600\",\"#ffe600\",\"#ffe600\",\"#ffe600\",\"#ffe600\",\"#ffe600\",\"#000000\",\"#ffffff\",\"#ffffff\",\"#ffffff\",\"#ffffff\",\"#ffffff\",\"#ffffff\",\"#ffffff\",\"#ffffff\",\"#000000\",\"#ffe600\",\"#ffe600\",\"#ffe600\",\"#ffe600\",\"#ffe600\",\"#ffe600\",\"#ffe600\",\"#ffe600\",\"#ffe600\",\"#ffe600\",\"#ffe600\",\"#ffe600\",\"#ffe600\",\"#000000\",\"#ffffff\",\"#ffffff\",\"#ffffff\",\"#ffffff\",\"#ffffff\",\"#ffffff\",\"#ffffff\",\"#ffffff\",\"#ffffff\",\"#ffffff\",\"#000000\",\"#ffe600\",\"#ffe600\",\"#ffe600\",\"#ffe600\",\"#ffe600\",\"#ffe600\",\"#ffe600\",\"#ffe600\",\"#ffe600\",\"#ffe600\",\"#ffe600\",\"#000000\",\"#ffffff\",\"#ffffff\",\"#ffffff\",\"#ffffff\",\"#ffffff\",\"#ffffff\",\"#ffffff\",\"#ffffff\",\"#ffffff\",\"#ffffff\",\"#ffffff\",\"#ffffff\",\"#000000\",\"#ffe600\",\"#ffe600\",\"#ffe600\",\"#ffe600\",\"#ffe600\",\"#ffe600\",\"#ffe600\",\"#ffe600\",\"#ffe600\",\"#000000\",\"#ffffff\",\"#ffffff\",\"#ffffff\",\"#ffffff\",\"#ffffff\",\"#ffffff\",\"#ffffff\",\"#ffffff\",\"#ffffff\",\"#ffffff\",\"#ffffff\",\"#ffffff\",\"#ffffff\",\"#ffffff\",\"#000000\",\"#ffe600\",\"#ffe600\",\"#ffe600\",\"#ffe600\",\"#ffe600\",\"#ffe600\",\"#ffe600\",\"#ffe600\",\"#000000\",\"#000000\",\"#ffffff\",\"#ffffff\",\"#ffffff\",\"#ffffff\",\"#ffffff\",\"#ffffff\",\"#ffffff\",\"#ffffff\",\"#ffffff\",\"#ffffff\",\"#ffffff\",\"#ffffff\",\"#000000\",\"#000000\",\"#ffe600\",\"#ffe600\",\"#ffe600\",\"#ffe600\",\"#ffe600\",\"#ffe600\",\"#ffe600\",\"#ffe600\",\"#ffe600\",\"#000000\",\"#000000\",\"#000000\",\"#000000\",\"#ffffff\",\"#ffffff\",\"#ffffff\",\"#ffffff\",\"#ffffff\",\"#ffffff\",\"#000000\",\"#000000\",\"#000000\",\"#000000\",\"#ffe600\",\"#ffe600\",\"#ffe600\",\"#ffe600\",\"#ffe600\",\"#ffe600\",\"#ffe600\",\"#ffe600\",\"#ffe600\",\"#ffe600\",\"#ffe600\",\"#ffe600\",\"#ffe600\",\"#ffe600\",\"#000000\",\"#000000\",\"#ffffff\",\"#ffffff\",\"#000000\",\"#000000\",\"#ffe600\",\"#ffe600\",\"#ffe600\",\"#ffe600\",\"#ffe600\",\"#ffe600\",\"#ffe600\",\"#ffe600\",\"#ffe600\",\"#ffe600\",\"#ffe600\",\"#ffe600\",\"#ffe600\",\"#ffe600\",\"#ffe600\",\"#ffe600\",\"#ffe600\",\"#ffe600\",\"#ffe600\",\"#ffe600\",\"#000000\",\"#000000\",\"#ffe600\",\"#ffe600\",\"#ffe600\",\"#ffe600\",\"#ffe600\",\"#ffe600\",\"#ffe600\",\"#ffe600\",\"#ffe600\",\"#ffe600\",\"#ffe600\",0,\"#ffe600\",\"#ffe600\",\"#ffe600\",\"#ffe600\",\"#ffe600\",\"#ffe600\",\"#ffe600\",\"#ffe600\",\"#ffe600\",\"#ffe600\",\"#ffe600\",\"#ffe600\",\"#ffe600\",\"#ffe600\",\"#ffe600\",\"#ffe600\",\"#ffe600\",\"#ffe600\",\"#ffe600\",\"#ffe600\",\"#ffe600\",\"#ffe600\",0,0,0,\"#ffe600\",\"#ffe600\",\"#ffe600\",\"#ffe600\",\"#ffe600\",\"#ffe600\",\"#ffe600\",\"#ffe600\",\"#ffe600\",\"#ffe600\",\"#ffe600\",\"#ffe600\",\"#ffe600\",\"#ffe600\",\"#ffe600\",\"#ffe600\",\"#ffe600\",\"#ffe600\",\"#ffe600\",\"#ffe600\",0,0]\";', 1, 's:68:\"[0,0,0,0,0,0,0,0,306,0,0,0,0,0,0,0,0,0,0,0,0,0,0,0,0,0,52,0,0,0,134]\";'),
(25, NULL, 'Mario', 'jeux vidéo', 8, 8, 's:441:\"[0,0,0,\"#ff0000\",\"#ff0000\",\"#ff0000\",\"#ffffff\",0,0,0,0,\"#ff0000\",\"#ff0000\",\"#ff0000\",\"#ff0000\",\"#ff0000\",0,0,\"#c06d00\",\"#ffa551\",\"#c06d00\",\"#000000\",\"#ffa551\",0,0,0,\"#c06d00\",\"#ffa551\",\"#ffa551\",\"#c06d00\",\"#c06d00\",\"#ffa551\",0,0,0,\"#c06d00\",\"#ffa551\",\"#ffa551\",\"#ffa551\",0,0,\"#ff0000\",\"#ff0000\",\"#ffe600\",\"#002fff\",\"#002fff\",\"#ffe600\",0,\"#ffffff\",0,\"#002fff\",\"#002fff\",\"#002fff\",\"#002fff\",\"#001b94\",\"#ffffff\",0,0,\"#6e3f00\",0,0,0,\"#6e3f00\",0]\";', 1, 's:64:\"[0,0,10,0,8,0,0,0,2,0,0,0,0,0,0,1,0,6,0,0,0,0,0,0,0,0,1,0,6,2,3]\";'),
(26, NULL, 'Luigi', 'jeux vidéo', 8, 8, 's:441:\"[0,0,0,\"#48ff00\",\"#48ff00\",\"#48ff00\",\"#ffffff\",0,0,0,0,\"#48ff00\",\"#48ff00\",\"#48ff00\",\"#48ff00\",\"#48ff00\",0,0,\"#c06d00\",\"#c06d00\",\"#c06d00\",\"#ffa551\",\"#ffa551\",0,0,0,\"#c06d00\",\"#ffa551\",\"#c06d00\",\"#000000\",\"#ffa551\",0,0,0,0,\"#ffa551\",\"#ffa551\",\"#c06d00\",\"#c06d00\",\"#ffa551\",0,\"#48ff00\",\"#48ff00\",\"#ffe600\",\"#ffa551\",\"#ffa551\",\"#ffa551\",0,\"#ffffff\",0,\"#002fff\",\"#002fff\",\"#002fff\",\"#002fff\",\"#001b94\",\"#ffffff\",0,0,\"#6e3f00\",0,0,0,\"#6e3f00\",0]\";', 1, 's:65:\"[0,0,0,0,10,0,0,0,1,0,0,10,0,0,0,1,0,4,0,0,0,0,0,0,0,0,1,0,7,2,3]\";'),
(27, NULL, 'Toad', 'jeux video', 8, 8, 's:513:\"[0,0,\"#ffffff\",\"#ffffff\",\"#ff0000\",\"#ff0000\",\"#ff0000\",\"#ffffff\",0,\"#ffffff\",\"#ffffff\",\"#ffffff\",\"#ff0000\",\"#ff0000\",\"#ff0000\",\"#ffffff\",0,\"#ff0000\",\"#ff0000\",\"#ffffff\",\"#ffffff\",\"#ffffff\",\"#ffffff\",\"#ff0000\",0,\"#ff0000\",\"#ff0000\",\"#ffffff\",\"#ffa551\",\"#ffa551\",\"#ffa551\",\"#ff0000\",0,\"#ffffff\",\"#ffffff\",\"#ffa551\",\"#000000\",\"#ffa551\",\"#000000\",\"#ffa551\",0,0,0,\"#ffa551\",\"#ffa551\",\"#ffa551\",\"#ffa551\",\"#ffa551\",0,0,\"#ffffff\",\"#002fff\",\"#002fff\",0,\"#001b94\",\"#ffffff\",0,0,0,\"#6e3f00\",\"#6e3f00\",0,\"#6e3f00\",\"#6e3f00\"]\";', 1, 's:66:\"[0,0,12,0,11,0,0,0,0,0,0,0,0,0,0,1,0,2,0,0,0,0,0,0,0,0,2,0,0,4,16]\";');
INSERT INTO `oeuvre` (`id`, `user_id`, `nom`, `categorie`, `largeur`, `hauteur`, `tableau`, `status`, `compteur`) VALUES
(28, NULL, 'Pacman', 'jeux vidéo', 8, 8, 's:513:\"[0,0,0,\"#ffe600\",\"#ffe600\",\"#ffe600\",\"#b19f00\",0,0,0,\"#ffe600\",\"#ffe600\",\"#000000\",\"#ffe600\",\"#000000\",\"#b19f00\",0,0,\"#ffe600\",\"#ffe600\",\"#000000\",\"#ffe600\",\"#000000\",\"#b19f00\",0,\"#ffe600\",\"#ffe600\",\"#ffe600\",\"#ffe600\",\"#ffe600\",\"#ffe600\",\"#b19f00\",\"#b19f00\",\"#b19f00\",\"#ffe600\",\"#ffe600\",\"#ff0000\",\"#ff0000\",\"#000000\",\"#b19f00\",\"#b19f00\",\"#b19f00\",0,\"#ffe600\",\"#ffe600\",\"#ffe600\",\"#b19f00\",\"#6500a0\",0,0,\"#ff0000\",\"#ff0000\",0,\"#6500a0\",\"#6500a0\",0,0,\"#ff0000\",\"#ff0000\",\"#ff0000\",0,\"#6500a0\",\"#6500a0\",\"#6500a0\"]\";', 1, 's:65:\"[0,0,7,0,0,0,10,0,20,0,0,0,0,0,0,0,0,0,6,0,0,0,0,0,0,0,5,0,0,0,0]\";'),
(29, NULL, 'Fantome', 'jeux video', 8, 7, 's:497:\"[0,0,\"#ff0000\",\"#ff0000\",\"#ff0000\",\"#810000\",0,0,0,\"#ff0000\",\"#ff0000\",\"#ff0000\",\"#ff0000\",\"#ff0000\",\"#810000\",0,\"#ff0000\",\"#ff0000\",\"#ffffff\",\"#ffffff\",\"#ff0000\",\"#ffffff\",\"#ffffff\",\"#810000\",\"#ff0000\",\"#ff0000\",\"#ffffff\",\"#000000\",\"#ff0000\",\"#000000\",\"#ffffff\",\"#810000\",\"#ff0000\",\"#ff0000\",\"#ff0000\",\"#ff0000\",\"#ff0000\",\"#ff0000\",\"#810000\",\"#810000\",\"#ff0000\",\"#ff0000\",\"#ff0000\",\"#ff0000\",\"#ff0000\",\"#ff0000\",\"#810000\",\"#810000\",\"#ff0000\",0,\"#ff0000\",\"#ff0000\",0,\"#ff0000\",\"#810000\",\"#810000\"]\";', 1, 's:65:\"[10,0,30,0,0,0,0,0,0,0,0,0,0,0,0,0,0,0,0,0,0,0,0,0,0,0,2,0,0,0,6]\";'),
(30, NULL, 'Batman', 'Super Héros', 21, 27, 's:4007:\"[0,0,0,0,0,\"#000000\",0,0,0,0,0,0,0,0,0,\"#000000\",0,0,0,0,0,0,0,0,0,\"#000000\",\"#001b94\",\"#000000\",0,0,0,0,0,0,0,\"#000000\",\"#001b94\",\"#000000\",0,0,0,0,0,0,0,0,\"#000000\",\"#001b94\",\"#000000\",0,0,0,0,0,0,0,\"#000000\",\"#001b94\",\"#000000\",0,0,0,0,0,0,0,0,\"#000000\",\"#001b94\",\"#000000\",0,\"#000000\",\"#000000\",\"#000000\",\"#000000\",\"#000000\",0,\"#000000\",\"#001b94\",\"#000000\",0,0,0,0,0,0,0,0,\"#000000\",\"#001b94\",\"#000000\",\"#000000\",\"#001b94\",\"#001b94\",\"#001b94\",\"#001b94\",\"#001b94\",\"#000000\",\"#000000\",\"#001b94\",\"#000000\",0,0,0,0,0,0,0,0,\"#000000\",\"#001b94\",\"#001b94\",\"#001b94\",\"#001b94\",\"#001b94\",\"#001b94\",\"#001b94\",\"#001b94\",\"#001b94\",\"#001b94\",\"#001b94\",\"#000000\",0,0,0,0,0,0,0,0,\"#000000\",\"#001b94\",\"#001b94\",\"#001b94\",\"#001b94\",\"#001b94\",\"#001b94\",\"#001b94\",\"#001b94\",\"#001b94\",\"#001b94\",\"#001b94\",\"#000000\",0,0,0,0,0,0,0,0,\"#000000\",\"#001b94\",\"#001b94\",\"#001b94\",\"#001b94\",\"#001b94\",\"#001b94\",\"#001b94\",\"#001b94\",\"#001b94\",\"#001b94\",\"#001b94\",\"#000000\",0,0,0,0,0,0,0,\"#000000\",\"#001b94\",\"#001b94\",\"#001b94\",\"#001b94\",\"#001b94\",\"#001b94\",\"#001b94\",\"#001b94\",\"#001b94\",\"#001b94\",\"#001b94\",\"#001b94\",\"#001b94\",\"#000000\",0,0,0,0,0,0,\"#000000\",\"#001b94\",\"#001b94\",\"#001b94\",\"#001b94\",\"#001b94\",\"#001b94\",\"#001b94\",\"#001b94\",\"#001b94\",\"#001b94\",\"#001b94\",\"#001b94\",\"#001b94\",\"#000000\",0,0,0,0,0,0,\"#000000\",\"#001b94\",\"#001b94\",\"#001b94\",\"#001b94\",\"#001b94\",\"#001b94\",\"#001b94\",\"#001b94\",\"#001b94\",\"#001b94\",\"#001b94\",\"#001b94\",\"#001b94\",\"#000000\",0,0,0,0,0,0,\"#000000\",\"#001b94\",\"#001b94\",\"#001b94\",\"#ffffff\",\"#000000\",\"#001b94\",\"#001b94\",\"#001b94\",\"#ffffff\",\"#000000\",\"#001b94\",\"#001b94\",\"#001b94\",\"#000000\",0,0,0,0,0,0,\"#000000\",\"#000000\",\"#001b94\",\"#001b94\",\"#000000\",\"#000000\",\"#001b94\",\"#001b94\",\"#001b94\",\"#000000\",\"#000000\",\"#001b94\",\"#001b94\",\"#000000\",\"#000000\",0,0,0,0,0,0,0,\"#000000\",\"#ffa551\",\"#ffa551\",\"#ffa551\",\"#ffa551\",\"#ffa551\",\"#ffa551\",\"#ffa551\",\"#ffa551\",\"#ffa551\",\"#ffa551\",\"#ffa551\",\"#000000\",0,0,0,0,0,0,0,0,0,\"#000000\",\"#ffa551\",\"#ffa551\",\"#ffa551\",\"#ffa551\",\"#ffa551\",\"#ffa551\",\"#ffa551\",\"#ffa551\",\"#ffa551\",\"#000000\",0,0,0,0,0,0,0,0,0,0,0,\"#000000\",\"#000000\",\"#ffa551\",\"#ffa551\",\"#ffa551\",\"#ffa551\",\"#ffa551\",\"#000000\",\"#000000\",0,0,0,0,0,0,0,0,0,0,0,\"#000000\",\"#00a098\",\"#001b94\",\"#000000\",\"#000000\",\"#000000\",\"#000000\",\"#000000\",\"#001b94\",\"#00a098\",\"#000000\",0,0,0,0,0,0,0,0,0,\"#000000\",\"#00a098\",\"#00a098\",\"#00a098\",\"#00a098\",\"#00a098\",\"#00a098\",\"#00a098\",\"#00a098\",\"#00a098\",\"#00a098\",\"#00a098\",\"#000000\",0,0,0,0,0,0,0,\"#000000\",\"#00a098\",\"#00a098\",\"#000000\",\"#00a098\",\"#00a098\",\"#000000\",\"#ffe600\",\"#000000\",\"#00a098\",\"#00a098\",\"#000000\",\"#00a098\",\"#00a098\",\"#000000\",0,0,0,0,0,\"#000000\",\"#001b94\",\"#001b94\",\"#00a098\",\"#000000\",\"#00a098\",\"#00a098\",\"#ffe600\",\"#000000\",\"#ffe600\",\"#00a098\",\"#00a098\",\"#000000\",\"#00a098\",\"#001b94\",\"#001b94\",\"#000000\",0,0,0,0,\"#000000\",\"#001b94\",\"#001b94\",\"#000000\",\"#000000\",\"#00a098\",\"#00a098\",\"#00a098\",\"#00a098\",\"#00a098\",\"#00a098\",\"#00a098\",\"#000000\",\"#000000\",\"#001b94\",\"#001b94\",\"#000000\",0,0,0,0,0,\"#000000\",\"#000000\",\"#001b94\",\"#000000\",\"#ffe600\",\"#ffe600\",\"#ffe600\",\"#ffe600\",\"#ffe600\",\"#ffe600\",\"#ffe600\",\"#000000\",\"#001b94\",\"#000000\",\"#000000\",0,0,0,0,0,\"#000000\",\"#001b94\",\"#001b94\",\"#000000\",\"#00a098\",\"#00a098\",\"#001b94\",\"#001b94\",\"#001b94\",\"#001b94\",\"#001b94\",\"#00a098\",\"#00a098\",\"#000000\",\"#001b94\",\"#001b94\",\"#000000\",0,0,0,\"#000000\",\"#001b94\",\"#001b94\",\"#001b94\",\"#000000\",\"#00a098\",\"#00a098\",\"#00a098\",\"#000000\",\"#000000\",\"#000000\",\"#00a098\",\"#00a098\",\"#00a098\",\"#000000\",\"#001b94\",\"#001b94\",\"#001b94\",\"#000000\",0,\"#000000\",\"#001b94\",\"#001b94\",\"#001b94\",\"#000000\",\"#000000\",\"#00a098\",\"#00a098\",\"#000000\",\"#001b94\",\"#001b94\",\"#001b94\",\"#000000\",\"#00a098\",\"#00a098\",\"#000000\",\"#000000\",\"#001b94\",\"#001b94\",\"#001b94\",\"#000000\",0,\"#000000\",\"#000000\",\"#000000\",\"#000000\",\"#00a098\",\"#00a098\",\"#00a098\",\"#000000\",\"#000000\",\"#000000\",\"#000000\",\"#000000\",\"#00a098\",\"#00a098\",\"#00a098\",\"#000000\",\"#000000\",\"#000000\",\"#000000\",0,0,0,0,0,\"#000000\",\"#000000\",\"#000000\",\"#000000\",\"#000000\",0,0,0,\"#000000\",\"#000000\",\"#000000\",\"#000000\",\"#000000\",0,0,0,0]\";', 1, 's:70:\"[0,0,0,0,25,0,0,0,10,0,0,0,54,0,0,137,0,0,0,0,0,0,0,0,0,0,131,0,0,0,2]\";'),
(31, NULL, 'Superman', 'Super héros', 23, 26, 's:4557:\"[0,0,0,0,0,0,0,0,\"#000000\",\"#000000\",\"#000000\",\"#000000\",\"#000000\",\"#000000\",\"#000000\",0,0,0,0,0,0,0,0,0,0,0,0,0,0,\"#000000\",\"#000000\",\"#000000\",\"#000000\",\"#000000\",\"#000000\",\"#000000\",\"#000000\",\"#000000\",\"#000000\",\"#000000\",0,0,0,0,0,0,0,0,0,0,0,\"#000000\",\"#000000\",\"#000000\",\"#000000\",\"#000000\",\"#000000\",\"#000000\",\"#000000\",\"#000000\",\"#000000\",\"#000000\",\"#000000\",\"#000000\",0,0,0,0,0,0,0,0,0,\"#000000\",\"#000000\",\"#000000\",\"#000000\",\"#000000\",\"#000000\",\"#000000\",\"#000000\",\"#000000\",\"#000000\",\"#000000\",\"#000000\",\"#000000\",\"#000000\",\"#000000\",0,0,0,0,0,0,0,0,\"#000000\",\"#000000\",\"#000000\",\"#000000\",\"#000000\",\"#000000\",\"#000000\",\"#ffa551\",\"#ffa551\",\"#000000\",\"#000000\",\"#000000\",\"#000000\",\"#000000\",\"#000000\",0,0,0,0,0,0,0,0,\"#000000\",\"#000000\",\"#000000\",\"#ffa551\",\"#000000\",\"#ffa551\",\"#ffa551\",\"#ffa551\",\"#ffa551\",\"#ffa551\",\"#ffa551\",\"#000000\",\"#000000\",\"#000000\",\"#000000\",0,0,0,0,0,0,0,0,\"#000000\",\"#000000\",\"#ffa551\",\"#ffa551\",\"#000000\",\"#000000\",\"#ffa551\",\"#ffa551\",\"#ffa551\",\"#ffa551\",\"#ffa551\",\"#ffa551\",\"#000000\",\"#000000\",\"#000000\",0,0,0,0,0,0,0,0,\"#000000\",\"#ffa551\",\"#ffa551\",\"#ffa551\",\"#ffa551\",\"#000000\",\"#ffa551\",\"#ffa551\",\"#ffa551\",\"#ffa551\",\"#ffa551\",\"#ffa551\",\"#ffa551\",\"#ffa551\",\"#000000\",0,0,0,0,0,0,0,0,\"#000000\",\"#ffa551\",\"#ffa551\",\"#ffa551\",\"#ffa551\",\"#ffa551\",\"#ffa551\",\"#ffa551\",\"#ffa551\",\"#ffa551\",\"#ffa551\",\"#ffa551\",\"#ffa551\",\"#ffa551\",\"#000000\",0,0,0,0,0,0,0,0,\"#000000\",\"#ffa551\",\"#ffa551\",\"#ffa551\",\"#000000\",\"#ffffff\",\"#ffa551\",\"#ffa551\",\"#ffa551\",\"#000000\",\"#ffffff\",\"#ffa551\",\"#ffa551\",\"#ffa551\",\"#000000\",0,0,0,0,0,0,0,0,0,\"#000000\",\"#ffa551\",\"#ffa551\",\"#000000\",\"#000000\",\"#ffa551\",\"#ffa551\",\"#ffa551\",\"#000000\",\"#000000\",\"#ffa551\",\"#ffa551\",\"#000000\",0,0,0,0,0,0,0,0,0,0,\"#000000\",\"#ffa551\",\"#ffa551\",\"#ffa551\",\"#ffa551\",\"#ffa551\",\"#ffa551\",\"#ffa551\",\"#ffa551\",\"#ffa551\",\"#ffa551\",\"#ffa551\",\"#000000\",0,0,0,0,0,0,0,0,0,0,0,\"#000000\",\"#ffa551\",\"#ffa551\",\"#ffa551\",\"#ffa551\",\"#ffa551\",\"#ffa551\",\"#ffa551\",\"#ffa551\",\"#ffa551\",\"#000000\",0,0,0,0,0,0,0,0,0,0,0,\"#000000\",\"#ff0000\",\"#000000\",\"#000000\",\"#ffa551\",\"#ffa551\",\"#ffa551\",\"#ffa551\",\"#ffa551\",\"#000000\",\"#000000\",\"#ff0000\",\"#000000\",0,0,0,0,0,0,0,0,0,\"#000000\",\"#ff0000\",\"#000000\",\"#002fff\",\"#002fff\",\"#000000\",\"#000000\",\"#000000\",\"#000000\",\"#000000\",\"#002fff\",\"#002fff\",\"#000000\",\"#ff0000\",\"#000000\",0,0,0,0,0,0,0,\"#000000\",\"#ff0000\",\"#000000\",\"#002fff\",\"#002fff\",\"#002fff\",\"#ff0000\",\"#ffe600\",\"#ffe600\",\"#ffe600\",\"#ff0000\",\"#002fff\",\"#002fff\",\"#002fff\",\"#000000\",\"#ff0000\",\"#000000\",0,0,0,0,0,\"#000000\",\"#ff0000\",\"#000000\",\"#002fff\",\"#002fff\",\"#000000\",\"#002fff\",\"#ff0000\",\"#ffe600\",\"#ffe600\",\"#ffe600\",\"#ff0000\",\"#002fff\",\"#000000\",\"#002fff\",\"#002fff\",\"#000000\",\"#ff0000\",\"#000000\",0,0,\"#000000\",\"#000000\",\"#ff0000\",\"#000000\",\"#ffa551\",\"#ffa551\",\"#002fff\",\"#000000\",\"#002fff\",\"#002fff\",\"#ff0000\",\"#ffe600\",\"#ff0000\",\"#002fff\",\"#002fff\",\"#000000\",\"#002fff\",\"#ffa551\",\"#ffa551\",\"#000000\",\"#ff0000\",\"#000000\",\"#000000\",\"#000000\",\"#ff0000\",\"#ff0000\",\"#000000\",\"#ffa551\",\"#ffa551\",\"#000000\",\"#000000\",\"#002fff\",\"#002fff\",\"#002fff\",\"#ff0000\",\"#002fff\",\"#002fff\",\"#002fff\",\"#000000\",\"#000000\",\"#ffa551\",\"#ffa551\",\"#000000\",\"#ff0000\",\"#ff0000\",\"#000000\",\"#000000\",\"#ff0000\",\"#ff0000\",\"#ff0000\",\"#000000\",\"#000000\",\"#ff0000\",\"#000000\",\"#002fff\",\"#002fff\",\"#002fff\",\"#002fff\",\"#002fff\",\"#002fff\",\"#002fff\",\"#000000\",\"#ff0000\",\"#000000\",\"#000000\",\"#ff0000\",\"#ff0000\",\"#ff0000\",\"#000000\",\"#000000\",\"#ff0000\",\"#ff0000\",\"#ff0000\",\"#ff0000\",\"#ff0000\",\"#ff0000\",\"#000000\",\"#ffe600\",\"#ff0000\",\"#ffe600\",\"#ffe600\",\"#ffe600\",\"#ff0000\",\"#ffe600\",\"#000000\",\"#ff0000\",\"#ff0000\",\"#ff0000\",\"#ff0000\",\"#ff0000\",\"#ff0000\",\"#000000\",0,\"#000000\",\"#ff0000\",\"#ff0000\",\"#ff0000\",\"#ff0000\",\"#000000\",\"#002fff\",\"#002fff\",\"#002fff\",\"#002fff\",\"#002fff\",\"#002fff\",\"#002fff\",\"#002fff\",\"#002fff\",\"#000000\",\"#ff0000\",\"#ff0000\",\"#ff0000\",\"#ff0000\",\"#000000\",0,0,\"#000000\",\"#ff0000\",\"#ff0000\",\"#ff0000\",\"#ff0000\",\"#000000\",\"#ff0000\",\"#002fff\",\"#002fff\",\"#000000\",\"#000000\",\"#000000\",\"#002fff\",\"#002fff\",\"#ff0000\",\"#000000\",\"#000000\",\"#ff0000\",\"#ff0000\",\"#ff0000\",\"#000000\",0,0,\"#000000\",\"#000000\",\"#ff0000\",\"#ff0000\",\"#000000\",\"#000000\",\"#ff0000\",\"#ff0000\",\"#000000\",\"#ff0000\",\"#ff0000\",\"#ff0000\",\"#000000\",\"#ff0000\",\"#ff0000\",\"#000000\",\"#000000\",\"#ff0000\",\"#ff0000\",\"#000000\",\"#000000\",0,0,0,0,\"#000000\",\"#000000\",\"#ff0000\",\"#ff0000\",\"#ff0000\",\"#ff0000\",\"#000000\",\"#000000\",\"#000000\",\"#000000\",\"#000000\",\"#ff0000\",\"#ff0000\",\"#ff0000\",\"#000000\",\"#000000\",\"#000000\",0,0,0,0,0,0,0,\"#000000\",\"#000000\",\"#000000\",\"#000000\",\"#000000\",\"#000000\",0,0,0,\"#000000\",\"#000000\",\"#000000\",\"#000000\",\"#000000\",0,0,0,0,0]\";', 1, 's:69:\"[0,0,78,0,91,0,0,0,12,0,0,0,0,0,0,0,0,48,0,0,0,0,0,0,0,0,189,0,0,0,2]\";'),
(32, NULL, 'Flash', 'Super héros', 19, 25, 's:3575:\"[0,0,0,0,0,0,0,\"#000000\",\"#000000\",\"#000000\",\"#000000\",\"#000000\",0,0,0,0,0,0,0,0,0,0,0,0,\"#000000\",\"#000000\",\"#ff0000\",\"#ff0000\",\"#ff0000\",\"#ff0000\",\"#ff0000\",\"#000000\",\"#000000\",0,0,0,0,0,0,0,0,0,\"#000000\",\"#ff0000\",\"#ff0000\",\"#ff0000\",\"#ff0000\",\"#ff0000\",\"#ff0000\",\"#ff0000\",\"#ff0000\",\"#ff0000\",\"#000000\",0,0,0,0,0,0,0,\"#000000\",\"#ff0000\",\"#ff0000\",\"#ff0000\",\"#ff0000\",\"#ff0000\",\"#ff0000\",\"#ff0000\",\"#ff0000\",\"#ff0000\",\"#ff0000\",\"#ff0000\",\"#000000\",0,0,0,\"#000000\",\"#000000\",0,\"#000000\",\"#ff0000\",\"#ff0000\",\"#ff0000\",\"#ff0000\",\"#ff0000\",\"#ff0000\",\"#ff0000\",\"#ff0000\",\"#ff0000\",\"#ff0000\",\"#ff0000\",\"#000000\",0,\"#000000\",\"#000000\",\"#000000\",\"#ffe600\",\"#000000\",\"#ff0000\",\"#ff0000\",\"#ff0000\",\"#ff0000\",\"#ff0000\",\"#ff0000\",\"#ff0000\",\"#ff0000\",\"#ff0000\",\"#ff0000\",\"#ff0000\",\"#ff0000\",\"#ff0000\",\"#000000\",\"#ffe600\",\"#000000\",\"#000000\",\"#ffe600\",\"#000000\",\"#ff0000\",\"#ff0000\",\"#ff0000\",\"#ff0000\",\"#ff0000\",\"#ff0000\",\"#ff0000\",\"#ff0000\",\"#ff0000\",\"#ff0000\",\"#ff0000\",\"#ff0000\",\"#ff0000\",\"#000000\",\"#ffe600\",\"#000000\",\"#000000\",\"#ffe600\",\"#000000\",\"#ff0000\",\"#ff0000\",\"#ff0000\",\"#ff0000\",\"#ff0000\",\"#ff0000\",\"#ff0000\",\"#ff0000\",\"#ff0000\",\"#ff0000\",\"#ff0000\",\"#ff0000\",\"#ff0000\",\"#000000\",\"#ffe600\",\"#000000\",0,\"#000000\",\"#000000\",\"#ff0000\",\"#ff0000\",\"#ff0000\",\"#ff0000\",\"#ff0000\",\"#ff0000\",\"#ff0000\",\"#ff0000\",\"#ff0000\",\"#ff0000\",\"#ff0000\",\"#ff0000\",\"#ff0000\",\"#000000\",\"#000000\",0,0,0,\"#000000\",\"#ff0000\",\"#ff0000\",\"#ff0000\",\"#ffffff\",\"#000000\",\"#ff0000\",\"#ff0000\",\"#ff0000\",\"#ffffff\",\"#000000\",\"#ff0000\",\"#ff0000\",\"#ff0000\",\"#000000\",0,0,0,0,0,\"#000000\",\"#ff0000\",\"#ff0000\",\"#000000\",\"#000000\",\"#ff0000\",\"#ff0000\",\"#ff0000\",\"#000000\",\"#000000\",\"#ff0000\",\"#ff0000\",\"#000000\",0,0,0,0,0,0,\"#000000\",\"#ffa551\",\"#ffa551\",\"#ffa551\",\"#ffa551\",\"#ffa551\",\"#ffa551\",\"#ffa551\",\"#ffa551\",\"#ffa551\",\"#ffa551\",\"#ffa551\",\"#000000\",0,0,0,0,0,0,0,\"#000000\",\"#ffa551\",\"#ffa551\",\"#ffa551\",\"#ffa551\",\"#ffa551\",\"#ffa551\",\"#ffa551\",\"#ffa551\",\"#ffa551\",\"#000000\",0,0,0,0,0,0,0,0,0,\"#000000\",\"#ffa551\",\"#ffa551\",\"#ffa551\",\"#ffa551\",\"#ffa551\",\"#ffa551\",\"#ffa551\",\"#000000\",0,0,0,0,0,0,0,0,0,\"#000000\",\"#ff0000\",\"#000000\",\"#000000\",\"#000000\",\"#000000\",\"#000000\",\"#000000\",\"#000000\",\"#ff0000\",\"#000000\",0,0,0,0,0,0,0,\"#000000\",\"#ff0000\",\"#ff0000\",\"#ff0000\",\"#ff0000\",\"#ff0000\",\"#ff0000\",\"#ff0000\",\"#ff0000\",\"#ff0000\",\"#ff0000\",\"#ff0000\",\"#000000\",0,0,0,0,0,\"#000000\",\"#ffe600\",\"#ff0000\",\"#000000\",\"#ff0000\",\"#ff0000\",\"#ffe600\",\"#ffe600\",\"#ffffff\",\"#ff0000\",\"#ff0000\",\"#000000\",\"#ff0000\",\"#ffe600\",\"#000000\",0,0,0,\"#000000\",\"#ff0000\",\"#ff0000\",\"#ffe600\",\"#000000\",\"#ff0000\",\"#ff0000\",\"#ffffff\",\"#ffe600\",\"#ffe600\",\"#ff0000\",\"#ff0000\",\"#000000\",\"#ffe600\",\"#ff0000\",\"#ff0000\",\"#000000\",0,0,\"#000000\",\"#ff0000\",\"#ff0000\",\"#000000\",\"#000000\",\"#ff0000\",\"#ffe600\",\"#ff0000\",\"#ff0000\",\"#ff0000\",\"#ffe600\",\"#ff0000\",\"#000000\",\"#000000\",\"#ff0000\",\"#ff0000\",\"#000000\",0,0,0,\"#000000\",\"#000000\",\"#acacac\",\"#000000\",\"#ffe600\",\"#ffe600\",\"#ffe600\",\"#ffe600\",\"#ffe600\",\"#ffe600\",\"#ffe600\",\"#000000\",\"#acacac\",\"#000000\",\"#000000\",0,0,0,0,0,0,\"#000000\",\"#ff0000\",\"#ff0000\",\"#ffe600\",\"#ff0000\",\"#ff0000\",\"#ff0000\",\"#ffe600\",\"#ff0000\",\"#ff0000\",\"#000000\",0,0,0,0,0,0,0,0,\"#000000\",\"#ffe600\",\"#ff0000\",\"#ff0000\",\"#000000\",\"#000000\",\"#000000\",\"#ff0000\",\"#ff0000\",\"#ffe600\",\"#000000\",0,0,0,0,0,0,0,0,\"#000000\",\"#ffe600\",\"#ffe600\",\"#000000\",0,0,0,\"#000000\",\"#ffe600\",\"#ffe600\",\"#000000\",0,0,0,0,0,0,0,\"#000000\",\"#ffe600\",\"#ffe600\",\"#ffe600\",\"#000000\",0,0,0,\"#000000\",\"#ffe600\",\"#ffe600\",\"#ffe600\",\"#000000\",0,0,0,0,0,0,\"#000000\",\"#000000\",\"#000000\",\"#000000\",\"#000000\",0,0,0,\"#000000\",\"#000000\",\"#000000\",\"#000000\",\"#000000\",0,0,0]\";', 1, 's:69:\"[0,0,151,0,27,0,0,0,37,0,0,0,0,0,0,0,0,0,0,0,0,0,0,0,2,0,107,0,0,0,4]\";'),
(33, NULL, 'Wonderwoman', 'Super héros', 19, 25, 's:3735:\"[0,0,0,0,0,0,0,\"#000000\",\"#000000\",\"#000000\",\"#000000\",\"#000000\",0,0,0,0,0,0,0,0,0,0,0,0,\"#000000\",\"#000000\",\"#000000\",\"#000000\",\"#000000\",\"#000000\",\"#000000\",\"#000000\",\"#000000\",0,0,0,0,0,0,0,0,0,\"#000000\",\"#000000\",\"#000000\",\"#000000\",\"#000000\",\"#000000\",\"#000000\",\"#000000\",\"#000000\",\"#000000\",\"#000000\",0,0,0,0,0,0,0,0,\"#000000\",\"#000000\",\"#000000\",\"#000000\",\"#000000\",\"#ffe600\",\"#000000\",\"#000000\",\"#000000\",\"#000000\",\"#000000\",0,0,0,0,0,0,\"#000000\",\"#000000\",\"#000000\",\"#000000\",\"#000000\",\"#000000\",\"#ffe600\",\"#ffe600\",\"#ffe600\",\"#000000\",\"#000000\",\"#000000\",\"#000000\",\"#000000\",\"#000000\",0,0,0,0,\"#000000\",\"#000000\",\"#000000\",\"#000000\",\"#ffe600\",\"#ffe600\",\"#ffe600\",\"#ff0000\",\"#ffe600\",\"#ffe600\",\"#ffe600\",\"#000000\",\"#000000\",\"#000000\",\"#000000\",0,0,0,\"#000000\",\"#000000\",\"#ffe600\",\"#ffe600\",\"#ffe600\",\"#ffe600\",\"#ffe600\",\"#ff0000\",\"#ff0000\",\"#ff0000\",\"#ffe600\",\"#ffe600\",\"#ffe600\",\"#ffe600\",\"#ffe600\",\"#000000\",\"#000000\",0,0,\"#000000\",\"#000000\",\"#ffe600\",\"#ffe600\",\"#ffe600\",\"#ffe600\",\"#ffe600\",\"#ffe600\",\"#ff0000\",\"#ffe600\",\"#ffe600\",\"#ffe600\",\"#ffe600\",\"#ffe600\",\"#ffe600\",\"#000000\",\"#000000\",0,\"#000000\",\"#000000\",\"#000000\",\"#ffa551\",\"#ffa551\",\"#ffa551\",\"#ffa551\",\"#ffa551\",\"#ffa551\",\"#ffa551\",\"#ffa551\",\"#ffa551\",\"#ffa551\",\"#ffa551\",\"#ffa551\",\"#ffa551\",\"#000000\",\"#000000\",\"#000000\",\"#000000\",\"#000000\",\"#000000\",\"#ffa551\",\"#ffa551\",\"#ffa551\",\"#ffffff\",\"#000000\",\"#ffa551\",\"#ffa551\",\"#ffa551\",\"#ffffff\",\"#000000\",\"#ffa551\",\"#ffa551\",\"#ffa551\",\"#000000\",\"#000000\",\"#000000\",\"#000000\",\"#000000\",\"#000000\",\"#000000\",\"#ffa551\",\"#ffa551\",\"#000000\",\"#000000\",\"#ffa551\",\"#ffa551\",\"#ffa551\",\"#000000\",\"#000000\",\"#ffa551\",\"#ffa551\",\"#000000\",\"#000000\",\"#000000\",\"#000000\",\"#000000\",\"#000000\",\"#000000\",\"#000000\",\"#ffa551\",\"#ffa551\",\"#ffa551\",\"#ffa551\",\"#ffa551\",\"#ffa551\",\"#ffa551\",\"#ffa551\",\"#ffa551\",\"#ffa551\",\"#ffa551\",\"#000000\",\"#000000\",\"#000000\",\"#000000\",\"#000000\",\"#000000\",\"#000000\",\"#000000\",\"#ffa551\",\"#ffa551\",\"#ffa551\",\"#ffa551\",\"#ffa551\",\"#ffa551\",\"#ffa551\",\"#ffa551\",\"#ffa551\",\"#ffa551\",\"#ffa551\",\"#000000\",\"#000000\",\"#000000\",\"#000000\",0,\"#000000\",\"#000000\",0,\"#000000\",\"#ffa551\",\"#ffa551\",\"#ffa551\",\"#ffa551\",\"#ffa551\",\"#ffa551\",\"#ffa551\",\"#ffa551\",\"#ffa551\",\"#000000\",0,\"#000000\",\"#000000\",0,0,\"#000000\",0,0,0,\"#000000\",\"#ffa551\",\"#ffa551\",\"#ffa551\",\"#ffa551\",\"#ffa551\",\"#ffa551\",\"#ffa551\",\"#000000\",0,0,0,\"#000000\",0,0,0,0,0,\"#000000\",\"#ffa551\",\"#000000\",\"#000000\",\"#000000\",\"#000000\",\"#000000\",\"#000000\",\"#000000\",\"#ffa551\",\"#000000\",0,0,0,0,0,0,0,\"#000000\",\"#ffa551\",\"#ffa551\",\"#ffe600\",\"#ffe600\",\"#ffe600\",\"#ffe600\",\"#ffe600\",\"#ffe600\",\"#ffe600\",\"#ffa551\",\"#ffa551\",\"#000000\",0,0,0,0,0,\"#000000\",\"#ffa551\",\"#ffa551\",\"#000000\",\"#ff0000\",\"#ff0000\",\"#ff0000\",\"#ff0000\",\"#ff0000\",\"#ff0000\",\"#ff0000\",\"#000000\",\"#ffa551\",\"#ffa551\",\"#000000\",0,0,0,\"#000000\",\"#ffa551\",\"#ffa551\",\"#ffa551\",\"#000000\",\"#ff0000\",\"#ff0000\",\"#ff0000\",\"#ffe600\",\"#ff0000\",\"#ff0000\",\"#ff0000\",\"#000000\",\"#ffa551\",\"#ffa551\",\"#ffa551\",\"#000000\",0,0,\"#000000\",\"#ffa551\",\"#ffa551\",\"#000000\",\"#000000\",\"#ffe600\",\"#ffe600\",\"#ffe600\",\"#ffe600\",\"#ffe600\",\"#ffe600\",\"#ffe600\",\"#000000\",\"#000000\",\"#ffa551\",\"#ffa551\",\"#000000\",0,0,0,\"#000000\",\"#000000\",\"#002fff\",\"#000000\",\"#002fff\",\"#ffffff\",\"#002fff\",\"#ffffff\",\"#002fff\",\"#ffffff\",\"#002fff\",\"#000000\",\"#002fff\",\"#000000\",\"#000000\",0,0,0,0,0,0,\"#000000\",\"#ffa551\",\"#ffa551\",\"#002fff\",\"#000000\",\"#000000\",\"#000000\",\"#002fff\",\"#ffa551\",\"#ffa551\",\"#000000\",0,0,0,0,0,0,0,0,\"#000000\",\"#ff0000\",\"#ff0000\",\"#000000\",0,0,0,\"#000000\",\"#ff0000\",\"#ff0000\",\"#000000\",0,0,0,0,0,0,0,\"#000000\",\"#ff0000\",\"#ff0000\",\"#ff0000\",\"#000000\",0,0,0,\"#000000\",\"#ff0000\",\"#ff0000\",\"#ff0000\",\"#000000\",0,0,0,0,0,0,\"#000000\",\"#000000\",\"#000000\",\"#000000\",\"#000000\",0,0,0,\"#000000\",\"#000000\",\"#000000\",\"#000000\",\"#000000\",0,0,0]\";', 1, 's:68:\"[0,0,28,0,91,0,0,0,47,0,0,0,0,0,0,0,0,8,0,0,0,0,0,0,0,0,169,0,0,0,5]\";'),
(34, NULL, 'Captain America', 'Super héros', 21, 25, 's:3803:\"[0,0,0,0,0,0,0,0,0,0,\"#000000\",\"#000000\",\"#000000\",\"#000000\",\"#000000\",0,0,0,0,0,0,0,0,0,0,0,0,0,0,\"#000000\",\"#000000\",\"#002fff\",\"#002fff\",\"#002fff\",\"#002fff\",\"#000000\",\"#000000\",0,0,0,0,0,0,0,0,0,0,0,0,\"#000000\",\"#002fff\",\"#002fff\",\"#002fff\",\"#ffffff\",\"#ffffff\",\"#ffffff\",\"#002fff\",\"#002fff\",\"#000000\",0,0,0,0,0,0,0,\"#000000\",\"#000000\",0,\"#000000\",\"#002fff\",\"#002fff\",\"#002fff\",\"#ffffff\",\"#ffffff\",\"#ffffff\",\"#ffffff\",\"#ffffff\",\"#002fff\",\"#002fff\",\"#000000\",0,\"#000000\",\"#000000\",0,0,0,\"#000000\",\"#ffffff\",\"#000000\",\"#000000\",\"#002fff\",\"#002fff\",\"#002fff\",\"#ffffff\",\"#ffffff\",\"#002fff\",\"#ffffff\",\"#ffffff\",\"#002fff\",\"#002fff\",\"#000000\",\"#000000\",\"#ffffff\",\"#000000\",0,0,0,\"#000000\",\"#ffffff\",\"#000000\",\"#002fff\",\"#002fff\",\"#002fff\",\"#002fff\",\"#ffffff\",\"#ffffff\",\"#ffffff\",\"#ffffff\",\"#ffffff\",\"#002fff\",\"#002fff\",\"#002fff\",\"#000000\",\"#ffffff\",\"#000000\",0,0,0,\"#000000\",\"#ffffff\",\"#000000\",\"#002fff\",\"#002fff\",\"#002fff\",\"#002fff\",\"#ffffff\",\"#ffffff\",\"#002fff\",\"#ffffff\",\"#ffffff\",\"#002fff\",\"#002fff\",\"#002fff\",\"#000000\",\"#ffffff\",\"#000000\",0,0,0,0,\"#000000\",\"#000000\",\"#002fff\",\"#002fff\",\"#002fff\",\"#002fff\",\"#002fff\",\"#002fff\",\"#002fff\",\"#002fff\",\"#002fff\",\"#002fff\",\"#002fff\",\"#002fff\",\"#000000\",\"#000000\",0,0,0,0,0,0,\"#000000\",\"#002fff\",\"#002fff\",\"#002fff\",\"#ffffff\",\"#000000\",\"#002fff\",\"#002fff\",\"#002fff\",\"#ffffff\",\"#000000\",\"#002fff\",\"#002fff\",\"#000000\",0,0,0,0,0,0,0,\"#000000\",\"#002fff\",\"#002fff\",\"#002fff\",\"#000000\",\"#000000\",\"#002fff\",\"#002fff\",\"#002fff\",\"#000000\",\"#000000\",\"#002fff\",\"#002fff\",\"#000000\",0,0,0,0,0,0,0,0,\"#000000\",\"#ffa551\",\"#ffa551\",\"#ffa551\",\"#ffa551\",\"#ffa551\",\"#ffa551\",\"#ffa551\",\"#ffa551\",\"#ffa551\",\"#ffa551\",\"#ffa551\",\"#000000\",0,0,0,0,0,0,\"#000000\",\"#000000\",\"#000000\",\"#000000\",\"#ffa551\",\"#ffa551\",\"#ffa551\",\"#ffa551\",\"#ffa551\",\"#ffa551\",\"#ffa551\",\"#ffa551\",\"#ffa551\",\"#000000\",0,0,0,0,0,0,\"#000000\",\"#ff0000\",\"#ff0000\",\"#ff0000\",\"#ff0000\",\"#000000\",\"#ffa551\",\"#ffa551\",\"#ffa551\",\"#ffa551\",\"#ffa551\",\"#ffa551\",\"#ffa551\",\"#000000\",0,0,0,0,0,0,\"#000000\",\"#ff0000\",0,\"#ffffff\",\"#ffffff\",\"#ff0000\",\"#ff0000\",\"#000000\",\"#000000\",\"#000000\",\"#000000\",\"#000000\",\"#000000\",\"#000000\",\"#002fff\",\"#000000\",0,0,0,0,\"#000000\",\"#ff0000\",\"#ff0000\",\"#ffffff\",\"#002fff\",\"#002fff\",\"#ffffff\",\"#ff0000\",\"#ff0000\",\"#000000\",\"#002fff\",\"#ffffff\",\"#002fff\",\"#002fff\",\"#002fff\",\"#002fff\",\"#002fff\",\"#000000\",0,0,0,\"#000000\",\"#ff0000\",\"#ffffff\",\"#002fff\",\"#ffffff\",\"#ffffff\",\"#002fff\",\"#ffffff\",\"#ff0000\",\"#000000\",\"#ffffff\",\"#ffffff\",\"#ffffff\",\"#002fff\",\"#002fff\",\"#000000\",\"#002fff\",\"#ffffff\",\"#000000\",0,0,\"#000000\",\"#ff0000\",\"#ffffff\",\"#002fff\",\"#ffffff\",\"#ffffff\",\"#002fff\",\"#ffffff\",\"#ff0000\",\"#000000\",\"#002fff\",\"#ffffff\",\"#002fff\",\"#002fff\",\"#002fff\",\"#000000\",\"#ffffff\",\"#ff0000\",\"#ff0000\",\"#000000\",0,\"#000000\",\"#ff0000\",\"#ff0000\",\"#ffffff\",\"#002fff\",\"#002fff\",\"#ffffff\",\"#ff0000\",\"#ff0000\",\"#000000\",\"#ffffff\",\"#ff0000\",\"#ffffff\",\"#ff0000\",\"#ffffff\",\"#000000\",\"#000000\",\"#ff0000\",\"#ff0000\",\"#000000\",0,0,\"#000000\",\"#ff0000\",\"#ff0000\",\"#ffffff\",\"#ffffff\",\"#ff0000\",\"#ff0000\",\"#000000\",\"#ff0000\",\"#ffffff\",\"#ff0000\",\"#ffffff\",\"#ff0000\",\"#ffffff\",\"#000000\",0,\"#000000\",\"#000000\",0,0,0,0,\"#000000\",\"#ff0000\",\"#ff0000\",\"#ff0000\",\"#ff0000\",\"#000000\",\"#002fff\",\"#002fff\",\"#002fff\",\"#002fff\",\"#002fff\",\"#002fff\",\"#002fff\",\"#002fff\",\"#000000\",0,0,0,0,0,0,0,\"#000000\",\"#000000\",\"#000000\",\"#000000\",\"#002fff\",\"#002fff\",\"#002fff\",\"#000000\",\"#000000\",\"#000000\",\"#002fff\",\"#002fff\",\"#002fff\",\"#000000\",0,0,0,0,0,0,0,0,0,0,\"#000000\",\"#ff0000\",\"#ff0000\",\"#000000\",0,0,0,\"#000000\",\"#ff0000\",\"#ff0000\",\"#000000\",0,0,0,0,0,0,0,0,0,\"#000000\",\"#ff0000\",\"#ff0000\",\"#ff0000\",\"#000000\",0,0,0,\"#000000\",\"#ff0000\",\"#ff0000\",\"#ff0000\",\"#000000\",0,0,0,0,0,0,0,0,\"#000000\",\"#000000\",\"#000000\",\"#000000\",\"#000000\",0,0,0,\"#000000\",\"#000000\",\"#000000\",\"#000000\",\"#000000\",0,0,0,0,0,0,0,0,0,0,0,0,0,0,0,0,0,0,0,0,0,0,0]\";', 1, 's:69:\"[0,0,46,0,27,0,0,0,0,0,0,0,0,0,0,0,0,99,0,0,0,0,0,0,0,0,114,0,0,0,58]\";'),
(36, NULL, 'Manette', 'jeux vidéo', 23, 13, 's:2631:\"[0,0,0,\"#000000\",\"#000000\",\"#000000\",\"#000000\",\"#000000\",0,0,0,0,0,0,0,\"#000000\",\"#000000\",\"#000000\",\"#000000\",\"#000000\",0,0,0,0,0,\"#000000\",\"#ffffff\",\"#ffffff\",\"#ffffff\",\"#ffffff\",\"#ffffff\",\"#000000\",\"#000000\",\"#000000\",\"#000000\",\"#000000\",\"#000000\",\"#000000\",\"#ffffff\",\"#ffffff\",\"#ffffff\",\"#ffffff\",\"#ffffff\",\"#000000\",0,0,0,\"#000000\",\"#ffffff\",\"#ffffff\",\"#ffffff\",\"#ffffff\",\"#ffffff\",\"#ffffff\",\"#ffffff\",\"#ffffff\",\"#ffffff\",\"#ffffff\",\"#ffffff\",\"#ffffff\",\"#ffffff\",\"#ffffff\",\"#ffffff\",\"#ffffff\",\"#ffffff\",\"#ffffff\",\"#585858\",\"#000000\",0,\"#000000\",\"#ffffff\",\"#ffffff\",\"#ffffff\",\"#000000\",\"#000000\",\"#ffffff\",\"#ffffff\",\"#ffffff\",\"#ffffff\",\"#ffffff\",\"#ffffff\",\"#ffffff\",\"#ffffff\",\"#ffffff\",\"#ffffff\",\"#ffffff\",\"#00fff2\",\"#00fff2\",\"#ffffff\",\"#ffffff\",\"#585858\",\"#000000\",\"#000000\",\"#ffffff\",\"#ffffff\",\"#ffffff\",\"#000000\",\"#000000\",\"#ffffff\",\"#ffffff\",\"#ffffff\",\"#ffffff\",\"#ffffff\",\"#ffffff\",\"#ffffff\",\"#ffffff\",\"#ffffff\",\"#ffffff\",\"#ffffff\",\"#00fff2\",\"#00fff2\",\"#ffffff\",\"#ffffff\",\"#585858\",\"#000000\",\"#000000\",\"#ffffff\",\"#000000\",\"#000000\",\"#000000\",\"#000000\",\"#000000\",\"#000000\",\"#ffffff\",\"#ffffff\",\"#ffffff\",\"#ffffff\",\"#ffffff\",\"#ffffff\",\"#ffffff\",\"#2fa500\",\"#2fa500\",\"#ffffff\",\"#ffffff\",\"#ff0000\",\"#ff0000\",\"#585858\",\"#000000\",\"#000000\",\"#ffffff\",\"#000000\",\"#000000\",\"#000000\",\"#000000\",\"#000000\",\"#000000\",\"#ffffff\",\"#ffffff\",\"#000000\",\"#ffffff\",\"#ffffff\",\"#000000\",\"#ffffff\",\"#2fa500\",\"#2fa500\",\"#ffffff\",\"#ffffff\",\"#ff0000\",\"#ff0000\",\"#585858\",\"#000000\",\"#000000\",\"#ffffff\",\"#ffffff\",\"#ffffff\",\"#000000\",\"#000000\",\"#ffffff\",\"#ffffff\",\"#ffffff\",\"#000000\",\"#ffffff\",\"#ffffff\",\"#000000\",\"#ffffff\",\"#ffffff\",\"#ffffff\",\"#ffffff\",\"#ffe600\",\"#ffe600\",\"#ffffff\",\"#ffffff\",\"#585858\",\"#000000\",\"#000000\",\"#ffffff\",\"#ffffff\",\"#ffffff\",\"#000000\",\"#000000\",\"#ffffff\",\"#ffffff\",\"#ffffff\",\"#ffffff\",\"#ffffff\",\"#ffffff\",\"#ffffff\",\"#ffffff\",\"#ffffff\",\"#ffffff\",\"#ffffff\",\"#ffe600\",\"#ffe600\",\"#ffffff\",\"#ffffff\",\"#585858\",\"#000000\",\"#000000\",\"#ffffff\",\"#ffffff\",\"#ffffff\",\"#ffffff\",\"#ffffff\",\"#585858\",\"#585858\",\"#585858\",\"#585858\",\"#585858\",\"#585858\",\"#ffffff\",\"#ffffff\",\"#ffffff\",\"#ffffff\",\"#ffffff\",\"#ffffff\",\"#ffffff\",\"#ffffff\",\"#ffffff\",\"#585858\",\"#000000\",\"#000000\",\"#ffffff\",\"#ffffff\",\"#ffffff\",\"#ffffff\",\"#585858\",\"#585858\",\"#000000\",\"#000000\",\"#000000\",\"#000000\",\"#000000\",\"#000000\",\"#000000\",\"#000000\",\"#000000\",\"#ffffff\",\"#ffffff\",\"#ffffff\",\"#ffffff\",\"#585858\",\"#585858\",\"#000000\",0,\"#000000\",\"#ffffff\",\"#585858\",\"#585858\",\"#585858\",\"#000000\",0,0,0,0,0,0,0,0,0,\"#000000\",\"#ffffff\",\"#585858\",\"#585858\",\"#585858\",\"#000000\",0,0,0,\"#000000\",\"#000000\",\"#000000\",\"#000000\",0,0,0,0,0,0,0,0,0,0,0,\"#000000\",\"#000000\",\"#000000\",\"#000000\",0,0]\";', 1, 's:67:\"[0,0,4,0,0,0,0,0,4,4,0,0,0,0,4,0,0,0,0,0,0,0,0,0,0,24,82,0,0,0,132]\";'),
(37, 1, 'fez', 'nouveau', 30, 5, 's:933:\"[\"#000000\",\"#000000\",\"#000000\",\"#000000\",0,\"#000000\",0,0,\"#000000\",0,\"#000000\",\"#000000\",\"#000000\",\"#000000\",0,\"#000000\",\"#000000\",\"#000000\",\"#000000\",0,0,\"#ff0000\",\"#ff0000\",\"#ff0000\",0,\"#ff0000\",\"#ff0000\",\"#ff0000\",0,0,\"#000000\",0,0,\"#000000\",0,\"#000000\",\"#000000\",0,\"#000000\",0,\"#000000\",0,0,\"#000000\",0,\"#000000\",0,0,0,0,0,\"#ff0000\",\"#ff0000\",\"#ff0000\",\"#ff0000\",\"#ff0000\",\"#ff0000\",\"#ff0000\",0,0,\"#000000\",\"#000000\",\"#000000\",\"#000000\",0,\"#000000\",0,\"#000000\",\"#000000\",0,\"#000000\",\"#000000\",\"#000000\",\"#000000\",0,\"#000000\",\"#000000\",\"#000000\",\"#000000\",0,0,\"#ff0000\",\"#ff0000\",\"#ff0000\",\"#ff0000\",\"#ff0000\",\"#ff0000\",0,0,0,\"#000000\",0,0,\"#000000\",0,\"#000000\",0,0,\"#000000\",0,\"#000000\",0,0,\"#000000\",0,0,0,0,\"#000000\",0,0,0,\"#ff0000\",\"#ff0000\",\"#ff0000\",\"#ff0000\",0,0,0,0,\"#000000\",0,0,\"#000000\",0,\"#000000\",0,0,\"#000000\",0,\"#000000\",0,0,\"#000000\",0,\"#000000\",\"#000000\",\"#000000\",\"#000000\",0,0,0,0,\"#ff0000\",\"#ff0000\",0,0,0,0,0]\";', 1, 's:65:\"[0,0,25,0,0,0,0,0,0,0,0,0,0,0,0,0,0,0,0,0,0,0,0,0,0,0,54,0,0,0,0]\";');

-- --------------------------------------------------------

--
-- Structure de la table `user`
--

CREATE TABLE `user` (
  `id` int(11) NOT NULL,
  `username` varchar(180) COLLATE utf8mb4_unicode_ci NOT NULL,
  `username_canonical` varchar(180) COLLATE utf8mb4_unicode_ci NOT NULL,
  `email` varchar(180) COLLATE utf8mb4_unicode_ci NOT NULL,
  `email_canonical` varchar(180) COLLATE utf8mb4_unicode_ci NOT NULL,
  `enabled` tinyint(1) NOT NULL,
  `salt` varchar(255) COLLATE utf8mb4_unicode_ci DEFAULT NULL,
  `password` varchar(255) COLLATE utf8mb4_unicode_ci NOT NULL,
  `last_login` datetime DEFAULT NULL,
  `confirmation_token` varchar(180) COLLATE utf8mb4_unicode_ci DEFAULT NULL,
  `password_requested_at` datetime DEFAULT NULL,
  `roles` longtext COLLATE utf8mb4_unicode_ci NOT NULL COMMENT '(DC2Type:array)',
  `nom` varchar(255) COLLATE utf8mb4_unicode_ci DEFAULT NULL,
  `prenom` varchar(255) COLLATE utf8mb4_unicode_ci DEFAULT NULL,
  `adresse` varchar(255) COLLATE utf8mb4_unicode_ci DEFAULT NULL,
  `code_postal` varchar(5) COLLATE utf8mb4_unicode_ci DEFAULT NULL,
  `ville` varchar(255) COLLATE utf8mb4_unicode_ci DEFAULT NULL
) ENGINE=InnoDB DEFAULT CHARSET=utf8mb4 COLLATE=utf8mb4_unicode_ci;

--
-- Déchargement des données de la table `user`
--

INSERT INTO `user` (`id`, `username`, `username_canonical`, `email`, `email_canonical`, `enabled`, `salt`, `password`, `last_login`, `confirmation_token`, `password_requested_at`, `roles`, `nom`, `prenom`, `adresse`, `code_postal`, `ville`) VALUES
(1, 'florian', 'florian', 'florian.antonio@laposte.net', 'florian.antonio@laposte.net', 1, NULL, '$2y$13$avm0cFqIYoqIa4lF4mbFHudzR9MBr2QirWbstXX3vkL36HBdsKCzO', '2018-07-26 15:30:41', NULL, NULL, 'a:1:{i:0;s:16:\"ROLE_SUPER_ADMIN\";}', NULL, NULL, NULL, NULL, NULL),
(2, 'grgzegrezg', 'grgzegrezg', 'azdazdazdz@lazdad.fr', 'azdazdazdz@lazdad.fr', 1, NULL, '$2y$13$NfquFKLwqFVTArnzioZQy.8UXA33Q3kdMiAM8er.3nLehpXPHWLDG', '2018-07-26 14:20:41', NULL, NULL, 'a:1:{i:0;s:13:\"ROLE_ACHETEUR\";}', NULL, 'guy', 'azdazd', '52141', 'azdazdada'),
(3, 'wf3', 'wf3', 'wf3', 'wf3', 1, NULL, '$2y$13$bFS4xAOUmxXQN9wiO1W/q.WuS2hs.HlzPD6l2THfDVxMjBhlV/j8.', '2018-07-26 15:20:10', NULL, NULL, 'a:1:{i:0;s:16:\"ROLE_SUPER_ADMIN\";}', NULL, NULL, NULL, NULL, NULL),
(5, 'dfsdfsdfs', 'dfsdfsdfs', 'dfsdfsdfs@dfsdfs.fr', 'dfsdfsdfs@dfsdfs.fr', 1, NULL, '$2y$13$ofz1k7BVnmGevZO9lA815.99YvLaIkTcUa4aDgv2nae78QUtEBt6u', '2018-07-26 15:27:22', NULL, NULL, 'a:1:{i:0;s:13:\"ROLE_ACHETEUR\";}', NULL, 'fdfsdsdfs', 'dfsdfsdfs', 'dfsdf', 'dfsdfsdfs'),
(6, 'dfdfsdfdsf', 'dfdfsdfdsf', 'dfsdfsyuyudfs@dfsdfs.fr', 'dfsdfsyuyudfs@dfsdfs.fr', 1, NULL, '$2y$13$QThoqChLYFgEj8Ml55ZERO.D9vw526Wwb/Jy9i6hFrfjia421F2rO', '2018-07-26 15:27:59', NULL, NULL, 'a:1:{i:0;s:13:\"ROLE_ACHETEUR\";}', NULL, 'dsfsddfsdfsdfs', 'dfs', 'dfsdf', 'dfsdfsdffd');

--
-- Index pour les tables déchargées
--

--
-- Index pour la table `commande`
--
ALTER TABLE `commande`
  ADD PRIMARY KEY (`id`),
  ADD KEY `IDX_6EEAA67DA76ED395` (`user_id`);

--
-- Index pour la table `detail_commandes`
--
ALTER TABLE `detail_commandes`
  ADD PRIMARY KEY (`id`),
  ADD KEY `IDX_2423FD9982EA2E54` (`commande_id`),
  ADD KEY `IDX_2423FD994928CE22` (`oeuvres_id`);

--
-- Index pour la table `oeuvre`
--
ALTER TABLE `oeuvre`
  ADD PRIMARY KEY (`id`),
  ADD KEY `IDX_35FE2EFEA76ED395` (`user_id`);

--
-- Index pour la table `user`
--
ALTER TABLE `user`
  ADD PRIMARY KEY (`id`),
  ADD UNIQUE KEY `UNIQ_8D93D64992FC23A8` (`username_canonical`),
  ADD UNIQUE KEY `UNIQ_8D93D649A0D96FBF` (`email_canonical`),
  ADD UNIQUE KEY `UNIQ_8D93D649C05FB297` (`confirmation_token`);

--
-- AUTO_INCREMENT pour les tables déchargées
--

--
-- AUTO_INCREMENT pour la table `commande`
--
ALTER TABLE `commande`
  MODIFY `id` int(11) NOT NULL AUTO_INCREMENT, AUTO_INCREMENT=12;

--
-- AUTO_INCREMENT pour la table `detail_commandes`
--
ALTER TABLE `detail_commandes`
  MODIFY `id` int(11) NOT NULL AUTO_INCREMENT, AUTO_INCREMENT=14;

--
-- AUTO_INCREMENT pour la table `oeuvre`
--
ALTER TABLE `oeuvre`
  MODIFY `id` int(11) NOT NULL AUTO_INCREMENT, AUTO_INCREMENT=38;

--
-- AUTO_INCREMENT pour la table `user`
--
ALTER TABLE `user`
  MODIFY `id` int(11) NOT NULL AUTO_INCREMENT, AUTO_INCREMENT=7;

--
-- Contraintes pour les tables déchargées
--

--
-- Contraintes pour la table `commande`
--
ALTER TABLE `commande`
  ADD CONSTRAINT `FK_6EEAA67DA76ED395` FOREIGN KEY (`user_id`) REFERENCES `user` (`id`) ON DELETE SET NULL;

--
-- Contraintes pour la table `detail_commandes`
--
ALTER TABLE `detail_commandes`
  ADD CONSTRAINT `FK_2423FD994928CE22` FOREIGN KEY (`oeuvres_id`) REFERENCES `oeuvre` (`id`) ON DELETE SET NULL,
  ADD CONSTRAINT `FK_2423FD9982EA2E54` FOREIGN KEY (`commande_id`) REFERENCES `commande` (`id`) ON DELETE CASCADE;

--
-- Contraintes pour la table `oeuvre`
--
ALTER TABLE `oeuvre`
  ADD CONSTRAINT `FK_35FE2EFEA76ED395` FOREIGN KEY (`user_id`) REFERENCES `user` (`id`) ON DELETE SET NULL;
COMMIT;

/*!40101 SET CHARACTER_SET_CLIENT=@OLD_CHARACTER_SET_CLIENT */;
/*!40101 SET CHARACTER_SET_RESULTS=@OLD_CHARACTER_SET_RESULTS */;
/*!40101 SET COLLATION_CONNECTION=@OLD_COLLATION_CONNECTION */;
